productLink,title,stock,new-price,portability,lan,card reader,audio,webcam,networking,msi center,warranty,sustainability,size,graphics card,content creators,color options,90nr0c34-m00bl0,srgb 100%,network,operating system,processor,fingerprint reader,color,144hz display,cache,included accessories,gpu,note,durability,seller,aesthetics,wi-fi,students/professionals,camera,video conferencing,software,hdmi,capacity,sd card reader,game pass,weight & design,generation,backlit keyboard,performance,type,gamers,16.0“ 16,lightweight design,intel core i7-12700h,right,refresh rate,accessories,ports,ram,overview,screen size,highlighted wasd keys,cooling system,solid-state storage,build,rtx 3050,security,memory,model code,pre-installed,wireless,sound,dimensions,rog backpack,moderate gaming/graphics work,intel® core™ i7-13650hx processor (24m cache, up to 4.9 ghz, 14 cores,display support,usb ports,display,panel type,model,keyboard,power adapter,wireless connectivity,translucent material,resolution,graphics,brand,cooling,rj-45 ethernet port,memory (ram),cores/threads,battery,connectivity,screen,msi app player,left,internal storage,viewed,product overview,students and professionals,storage and memory,graphics performance,lighting,weight,os,hp noise cancellation,storage,144hz refresh rate,design,integrated graphics,eco features,business and productivity
"https://www.sigma-computer.com/item?id=7652&name=Laptop_Dell_Vostro_3520_-_Intel_Core_i5_1235U_-_Intel_UHD_Graphics_-_8GB_DDR4_2666MHz_-256GB_NVMe_SSD_-_15.6_inch_FHD_120Hz","Laptop Dell Vostro 3520 - Intel Core i5 1235U - Intel UHD Graphics - 8GB DDR4 2666MHz -256GB NVMe SSD - 15.6 inch FHD 120Hz","In Stock","19199","Unknown","Unknown","Unknown","Unknown","Unknown","Unknown","Unknown","Unknown","Unknown","Unknown","Unknown","Unknown","Unknown","Unknown","Unknown","Unknown","Unknown","Unknown","Unknown","Unknown","Unknown","Unknown","Unknown","Unknown","Unknown","Unknown","sff4$vjs2hf5kg","Unknown","Unknown","Unknown","Unknown","Unknown","Unknown","Unknown","Unknown","Unknown","Unknown","Unknown","Unknown","Unknown","Unknown","Unknown","Unknown","Unknown","Unknown","Unknown","Unknown","Unknown","Unknown","Unknown","Unknown","Unknown","Unknown","Unknown","Unknown","Unknown","Unknown","Unknown","Unknown","Unknown","Unknown","Unknown","Unknown","Unknown","Unknown","Unknown","Unknown","Unknown","Unknown","Unknown","Unknown","Unknown","3520","Unknown","Unknown","Unknown","Unknown","Unknown","Unknown","Dell","Unknown","Unknown","Unknown","Unknown","Unknown","Unknown","Unknown","Unknown","Unknown","Unknown","1050 items","Unknown","Unknown","Unknown","Unknown","Unknown","Unknown","Unknown","Unknown","Unknown","Unknown","Unknown","Unknown","Unknown","Unknown"
"https://www.sigma-computer.com/item?id=7642&name=HP_Victus16-r1062ne_Intel_Core_i5_14450HX-RTX_3050_6GB-16GB_5600Mhz_DDR5-1TB_SSD_Gen4_-16.1_FHD_IPS_144Hz","HP Victus16-r1062ne Intel Core i5 14450HX-RTX 3050 6GB-16GB 5600Mhz DDR5-1TB SSD Gen4 -16.1 FHD IPS 144Hz","In Stock","43999","Unknown","Unknown","Unknown","Unknown","Unknown","Unknown","Unknown","Unknown","Unknown","Unknown","NVIDIA GeForce RTX 3050 with 6GB GDDR6 VRAM","Unknown","Unknown","Unknown","Unknown","Unknown","Unknown","Intel Core i5-14450HX","Unknown","Unknown","Unknown","24MB","Unknown","Unknown","Unknown","Unknown","sigma","Unknown","Unknown","Unknown","Unknown","Unknown","Unknown","Unknown","Unknown","Unknown","Unknown","Unknown","Unknown","Unknown","Unknown","Unknown","Unknown","Unknown","Unknown","Unknown","Unknown","Unknown","Unknown","Unknown","16GB DDR5 (2 x 8GB modules) with a blazing-fast 5600 MHz speed","Unknown","Unknown","Unknown","Unknown","Unknown","Unknown","Unknown","Unknown","Unknown","Unknown","Unknown","Unknown","Unknown","Unknown","Unknown","Unknown","Unknown","Unknown","Unknown","16.1-inch FHD IPS display with a 144Hz refresh rate (provides smooth and vibrant visuals, perfect for gaming and content creation)","Unknown","r1062ne","Unknown","Unknown","Unknown","Unknown","Unknown","Unknown","HP","Unknown","Unknown","Unknown","10 cores (6 performance cores + 4 efficient cores), 16 threads","Unknown","Unknown","Unknown","Unknown","Unknown","Unknown","1239 items","Unknown","Unknown","Unknown","Unknown","Unknown","Unknown","Unknown","Unknown","1TB SSD Gen4 (ultra-fast NVMe storage for quick boot and load times)","Unknown","Unknown","Unknown","Unknown","Unknown"
"https://www.sigma-computer.com/item?id=7641&name=HP_Victus16-r1066ne_Intel_Core_i5_14450HX-RTX_3050_6GB-16GB_5600Mhz_DDR5-1TB_SSD_Gen4_-16.1_FHD_IPS_144Hz","HP Victus16-r1066ne Intel Core i5 14450HX-RTX 3050 6GB-16GB 5600Mhz DDR5-1TB SSD Gen4 -16.1 FHD IPS 144Hz","In Stock","43499","Unknown","Unknown","Unknown","Unknown","Unknown","Unknown","Unknown","Unknown","Unknown","Unknown","NVIDIA GeForce RTX 3050 with 6GB of VRAM","Unknown","Unknown","Unknown","Unknown","Unknown","Unknown","Intel Core i5-14450HX","Unknown","Unknown","Unknown","Unknown","Unknown","Unknown","Unknown","Unknown","sigma","Unknown","Unknown","Unknown","Unknown","Unknown","Unknown","Unknown","Unknown","Unknown","Unknown","Unknown","Unknown","Unknown","Unknown","Unknown","Unknown","Unknown","Unknown","Unknown","Unknown","Unknown","Unknown","Unknown","16GB DDR5 (2 x 8GB modules) at 5600MHz","Unknown","Unknown","Unknown","Unknown","Unknown","Unknown","Unknown","Unknown","Unknown","Unknown","Unknown","Unknown","Unknown","Unknown","Unknown","Unknown","Unknown","Unknown","Unknown","16.1-inch Full HD (1920x1080) IPS panel with a 144Hz refresh rate","Unknown","r1066ne","Unknown","Unknown","Unknown","Unknown","Unknown","Unknown","HP","Unknown","Unknown","Unknown","10 cores (6 performance + 4 efficiency) / 16 threads","Unknown","Unknown","Unknown","Unknown","Unknown","Unknown","1015 items","Unknown","Unknown","Unknown","Unknown","Unknown","Unknown","Unknown","Unknown","1TB SSD Gen4","Unknown","Unknown","Unknown","Unknown","Unknown"
"https://www.sigma-computer.com/item?id=7624&name=MSI_Modern_15_F13MG_Laptop_-_Intel_Core_i5-1335U_-_8GB_DDR4_3200MHz_-_512GB_SSD_-_Intel_Iris_Xe_Graphics_-_15.6_FHD_(1920x1080)","MSI Modern 15 F13MG Laptop - Intel Core i5-1335U - 8GB DDR4 3200MHz - 512GB SSD - Intel Iris Xe Graphics - 15.6 FHD  1920x1080 ","In Stock","21749","Unknown","Unknown","Unknown","Unknown","Unknown","Unknown","Unknown","1 Year","Unknown","Unknown","Unknown","Unknown","Unknown","Unknown","Unknown","Unknown","Unknown","Intel Core i5-1335U (13th Gen, up to 4.60 GHz) ( 10 cores & 12 threads )","Unknown","Unknown","Unknown","Unknown","Unknown","Unknown","Unknown","Unknown","sigma","Unknown","Unknown","Unknown","Unknown","Unknown","Unknown","Unknown","Unknown","Unknown","Unknown","Unknown","Unknown","Unknown","Unknown","Unknown","Unknown","Unknown","Unknown","Unknown","Unknown","Unknown","Unknown","USB-A, USB-C, HDMI, RJ45, Micro SD","8GB DDR4","Unknown","Unknown","Unknown","Unknown","Unknown","Unknown","Unknown","Unknown","Unknown","Unknown","Unknown","Unknown","Unknown","Unknown","Unknown","Unknown","Unknown","Unknown","Unknown","15.6 FHD (1920x1080)","Unknown","MSI Modern 15 F13MG","Unknown","Unknown","Unknown","Unknown","Unknown","Intel Iris Xe Graphics","MSI","Unknown","Unknown","Unknown","Unknown","Unknown","Wi-Fi 6E, Bluetooth v5.3","Unknown","Unknown","Unknown","Unknown","1652 items","Unknown","Unknown","Unknown","Unknown","Unknown","Unknown","Free DOS","Unknown","512GB NVMe SSD","Unknown","Unknown","Unknown","Unknown","Unknown"
"https://www.sigma-computer.com/item?id=7600&name=Lenovo_LOQ_15IRX9_83DV0071PS_Laptop,_Intel_Core_i7-13650HX,_512GB_SSD,_16GB_RAM,_15.6_Inches,_FHD_IPS_144Hz_Display,_NVIDIA_GeForce_RTX_4050_GDDR6_6GB,_FreeDos","Lenovo LOQ 15IRX9 83DV0071PS Laptop  Intel Core i7-13650HX  512GB SSD  16GB RAM  15.6 Inches  FHD IPS 144Hz Display  NVIDIA GeForce RTX 4050 GDDR6 6GB  FreeDos","NO","46499","Unknown","Unknown","Unknown","Unknown","Unknown","Unknown","Unknown","Unknown","Unknown","Unknown","Unknown","Unknown","Unknown","Unknown","Unknown","Unknown","Unknown","Intel® Core™ i7-13650HX (14C/20T, up to 4.9GHz)","Unknown","Unknown","Unknown","Unknown","Unknown","NVIDIA® GeForce RTX™ 4050 (6GB GDDR6, 105W TGP, G-SYNC®)","Unknown","MIL-STD-810H certified","sigma","Unknown","Unknown","Unknown","Unknown","Unknown","Unknown","Unknown","Unknown","Unknown","Unknown","Unknown","Unknown","Unknown","Unknown","Unknown","Unknown","Unknown","Unknown","Unknown","Unknown","Unknown","Unknown","Unknown","Unknown","Unknown","Unknown","Unknown","Unknown","Unknown","Unknown","Unknown","Unknown","16GB DDR5-4800 (upgradable to 32GB)","Unknown","Unknown","Unknown","Unknown","Unknown","Unknown","Unknown","Unknown","Unknown","Unknown","15.6 FHD IPS, 144Hz, 100% sRGB","Unknown","83DV0071PS","Unknown","Unknown","Unknown","Unknown","Unknown","Unknown","Lenovo","Unknown","Unknown","Unknown","Unknown","60Wh","Wi-Fi 6, Bluetooth 5.2, HDMI® 2.1, USB-C® (140W PD)","Unknown","Unknown","Unknown","Unknown","2722 items","Unknown","Unknown","Unknown","Unknown","Unknown","2.38 kg","Unknown","Unknown","512GB PCIe® 4.0 SSD (supports up to 2TB)","Unknown","Unknown","Unknown","Unknown","Unknown"
"https://www.sigma-computer.com/item?id=7583&name=MSI-I9-Vector16_HX_A14VHG-801EG_Inte_Core_i9-14900HX-_RTX4080_GDDR6_12GB_-_32GB_DDR5-_1TBNVMe_PCIe_Gen4x4-_16_QHD_240Hz-_Win11Home","MSI-I9-Vector16 HX A14VHG-801EG Inte Core i9-14900HX- RTX4080 GDDR6 12GB - 32GB DDR5- 1TBNVMe PCIe Gen4x4- 16 QHD 240Hz- Win11Home","In Stock","133999","Unknown","Unknown","Unknown","Unknown","Unknown","Unknown","Unknown","Unknown","Unknown","Unknown","NVIDIA GeForce RTX 4080 (12GB GDDR6)","Unknown","Unknown","Unknown","Unknown","Unknown","Windows 11 Home","Intel Core i9-14900HX (14 cores, 24 threads)","Unknown","Unknown","Unknown","Unknown","Unknown","Unknown","Unknown","Unknown","sigma","Unknown","Unknown","Unknown","Unknown","Unknown","Unknown","Unknown","Unknown","Unknown","Unknown","Unknown","Unknown","Unknown","Unknown","Unknown","Unknown","Unknown","Unknown","Unknown","Unknown","Unknown","Unknown","Unknown","32GB DDR5 (expandable)","Unknown","Unknown","Unknown","Advanced cooling for sustained performance","Unknown","Unknown","Unknown","Unknown","Unknown","Unknown","Unknown","Unknown","Unknown","Unknown","Unknown","Unknown","Unknown","Unknown","Unknown","16-inch QHD+ (2560x1600), 240Hz refresh rate, vibrant visuals","Unknown","Vector 16 HX A14V","Unknown","Unknown","Unknown","Unknown","Unknown","Unknown","MSI","Unknown","Unknown","Unknown","Unknown","Unknown","Latest Wi-Fi 6E and multiple ports for flexibility","Unknown","Unknown","Unknown","Unknown","1231 items","Unknown","Unknown","Unknown","Unknown","Unknown","Unknown","Unknown","Unknown","1TB NVMe PCIe Gen4x4 SSD","Unknown","Sleek and durable, ideal for mobility","Unknown","Unknown","Unknown"
"https://www.sigma-computer.com/item?id=7582&name=MSI_RAIDER_18_HX_A14VIG_9S7-182232-471_Gaming_Laptop_Intel_Core_i9_14900HX_32GB_RAM_2TB_SSD_18_Inch_QHD_240Hz_16GB_NVIDIA_RTX_4090_Win_11","MSI RAIDER 18 HX A14VIG 9S7-182232-471 Gaming Laptop Intel Core i9 14900HX 32GB RAM 2TB SSD 18 Inch QHD 240Hz 16GB NVIDIA RTX 4090 Win 11","In Stock","176499","Unknown","Unknown","Unknown","Unknown","IR FHD with shutter, HDR, and 3D Noise Reduction.","Unknown","Unknown","Unknown","Unknown","Unknown","Unknown","Unknown","Unknown","Unknown","Unknown","Unknown","Windows 11 Home / Pro (recommended Pro for business).","Latest Intel® Core™ i9-14900HX (14th Gen, powerhouse performance).","Unknown","Unknown","Unknown","Unknown","Unknown","Unknown","Unknown","Unknown","sigma","Mystic Light with Matrix Lightbar for next-level customization.","Unknown","Unknown","Unknown","Unknown","Unknown","Unknown","Unknown","Unknown","Unknown","Unknown","Unknown","Unknown","Unknown","Unknown","Unknown","Unknown","Unknown","Unknown","Unknown","Unknown","Unknown","Unknown","Unknown","Unknown","Unknown","Unknown","Unknown","Unknown","Unknown","Unknown","Unknown","Unknown","Unknown","Unknown","Unknown","Premium 6-speaker system by Dynaudio for immersive audio.","Unknown","Unknown","Unknown","Unknown","Unknown","Unknown","18 UHD+ MiniLED (3840x2400), 16:10, 240Hz, 100% DCI-P3, VESA DisplayHDR™ 1000 Certified – stunning visuals with IPS-level panel.","Unknown","RAIDER 18 HX A14V","Unknown","Unknown","Unknown","Unknown","Unknown","Up to NVIDIA® GeForce RTX™ 4090 Laptop GPU (16GB GDDR6, NVIDIA DLSS 3, Ada Lovelace, Max-Q).","MSI","Cooler Boost 5 (dual fans, 6 heat pipes, 3D cooling stands).","Unknown","Unknown","Unknown","99.9Whr for extended productivity.","Unknown","Unknown","Unknown","Unknown","Unknown","1835 items","Unknown","Unknown","Unknown","Unknown","Unknown","Unknown","Unknown","Unknown","Unknown","Unknown","Unknown","Unknown","Unknown","Unknown"
"https://www.sigma-computer.com/item?id=7525&name=HP_Victus_16-r0029nia,_Intel_Core_i5-13500H,_RAM_16GB,_512GB_SSD,_NVIDIA_RTX_3050_6GB,_16.1_FHD_IPS_144Hz,_Performance_blue","HP Victus 16-r0029nia  Intel Core i5-13500H  RAM 16GB  512GB SSD  NVIDIA RTX 3050 6GB  16.1 FHD IPS 144Hz  Performance blue","NO","38999","Unknown","Unknown","Unknown","Unknown","Unknown","Unknown","Unknown","Unknown","Unknown","Unknown","Unknown","Unknown","Unknown","Unknown","Unknown","Unknown","Unknown","Unknown","Unknown","Unknown","Unknown","Unknown","Unknown","Unknown","Unknown","Unknown","sff4$vjs2hf5kg","Unknown","Unknown","Unknown","Unknown","Unknown","Unknown","Unknown","Unknown","Unknown","Unknown","Unknown","Unknown","Unknown","Unknown","Unknown","Unknown","Unknown","Unknown","Unknown","Unknown","Unknown","Unknown","Unknown","Unknown","Unknown","Unknown","Unknown","Unknown","Unknown","Unknown","Unknown","Unknown","Unknown","Unknown","Unknown","Unknown","Unknown","Unknown","Unknown","Unknown","Unknown","Unknown","Unknown","Unknown","Unknown","16-r0029nia","Unknown","Unknown","Unknown","Unknown","Unknown","Unknown","HP","Unknown","Unknown","Unknown","Unknown","Unknown","Unknown","Unknown","Unknown","Unknown","Unknown","2736 items","Unknown","Unknown","Unknown","Unknown","Unknown","Unknown","Unknown","Unknown","Unknown","Unknown","Unknown","Unknown","Unknown","Unknown"
"https://www.sigma-computer.com/item?id=7508&name=MSI_B13VE_i7-13620H(10C/16T)_RAM_16G_DDR4_3200Hz_(2*8)-SSD_512G_Gen4_RTX4050_6G_15.6-FHD-IPS-144Hz_Blue_Backlit-Arabic-1.86_kg-2Year_Warranty","MSI B13VE i7-13620H 10C 16T  RAM 16G DDR4 3200Hz  2 8 -SSD 512G Gen4 RTX4050 6G 15.6-FHD-IPS-144Hz Blue Backlit-Arabic-1.86 kg-2Year Warranty","NO","44999","Unknown","Unknown","Unknown","Unknown","Unknown","Unknown","Unknown","2 Years","Unknown","Unknown","NVIDIA GeForce RTX 4050, 6GB GDDR6 (45W TGP)","Unknown","Unknown","Unknown","Unknown","Unknown","Unknown","Intel Core i7-13620H (10 Cores, 16 Threads)","Unknown","Unknown","Unknown","Unknown","Unknown","Unknown","Unknown","Unknown","sigma","Unknown","Unknown","Unknown","Unknown","Unknown","Unknown","Unknown","Unknown","Unknown","Unknown","Unknown","Unknown","Unknown","Unknown","Unknown","Unknown","Unknown","Unknown","Unknown","Unknown","Unknown","Unknown","Unknown","16GB DDR4 3200MHz (2x8GB)","Unknown","Unknown","Unknown","Unknown","Unknown","Unknown","Unknown","Unknown","Unknown","THIN15B13VE-9S7-16R831-2614","Unknown","Unknown","Unknown","Unknown","Unknown","Unknown","Unknown","Unknown","Unknown","15.6 FHD (1920x1080), IPS, 144Hz","Unknown","THIN15B13VE-9S7-16R831-2614","Blue Backlit, Arabic layout","Unknown","Unknown","Unknown","Unknown","Unknown","MSI","Unknown","Unknown","Unknown","Unknown","Unknown","Unknown","Unknown","Unknown","Unknown","Unknown","5069 items","Unknown","Unknown","Unknown","Unknown","Unknown","1.86 kg","Unknown","Unknown","512GB SSD (Gen4) + 2.5 HDD/SSD slot","Unknown","Unknown","Unknown","Unknown","Unknown"
"https://www.sigma-computer.com/item?id=7506&name=MSI_Thin_15_B12UCX_i5_12450H_RTX2050_RAM_8G_DDR4_3200Hz_SSD_512G_15.6-FHD-IPS-144Hz_Blue_Backlit-Arabic_1.86_kg-2_Year_warranty","MSI Thin 15 B12UCX i5 12450H RTX2050 RAM 8G DDR4 3200Hz SSD 512G 15.6-FHD-IPS-144Hz Blue Backlit-Arabic 1.86 kg-2 Year warranty","In Stock","27999","Unknown","Unknown","Unknown","Unknown","Unknown","Unknown","Unknown","2 years for peace of mind.","Unknown","Unknown","Unknown","Unknown","Unknown","Unknown","Unknown","Unknown","Unknown","Intel Core i5-12450H (12th Gen)","Unknown","Unknown","Unknown","Unknown","Unknown","Unknown","Unknown","Unknown","sigma","Unknown","Unknown","Unknown","Unknown","Unknown","Unknown","Unknown","Unknown","Unknown","Unknown","Unknown","Unknown","Unknown","Unknown","Unknown","Unknown","Unknown","Unknown","Unknown","Unknown","Unknown","Unknown","Unknown","Unknown","Unknown","Unknown","Unknown","Unknown","Unknown","Unknown","Unknown","Unknown","8GB DDR4 (3200MHz) – expandable for multitasking needs.","Unknown","Unknown","Unknown","Unknown","Unknown","Unknown","Unknown","Unknown","Unknown","Unknown","15.6 FHD IPS, 144Hz – smooth visuals and vibrant colors.","Unknown","THIN15","Blue backlit, Arabic support – perfect for night use and regional preferences.","Unknown","Unknown","Unknown","Unknown","NVIDIA GeForce RTX 2050, excellent for gaming and creative work.","MSI","Unknown","Unknown","Unknown","Unknown","Unknown","Unknown","Unknown","Unknown","Unknown","Unknown","10356 items","Unknown","Unknown","Unknown","Unknown","Unknown","1.86 kg – lightweight for its power.","Unknown","Unknown","512GB SSD – fast boot times and ample storage.","Unknown","Unknown","Unknown","Unknown","Unknown"
"https://www.sigma-computer.com/item?id=7479&name=ASUS_TUF_Gaming_F15_FX507ZI4-LP34W_,Intel_Core_i7-12700H,NVIDIA_RTX_4070_8GB,_16GB_DDR4_RAM,_512GB_SSD,15.6_Full_HD_(1920x1080)_with_144Hz_","ASUS TUF Gaming F15 FX507ZI4-LP34W  Intel Core i7-12700H NVIDIA RTX 4070 8GB  16GB DDR4 RAM  512GB SSD 15.6 Full HD  1920x1080  with 144Hz ","In Stock","63999","Unknown","Unknown","Unknown","Unknown","Unknown","Unknown","Unknown","Unknown","Unknown","Unknown","NVIDIA GeForce RTX 4070 (8GB GDDR6).","Unknown","Unknown","Unknown","Unknown","Unknown","Unknown","Intel Core i7-12700H (14 cores, high-performance).","Unknown","Unknown","Unknown","Unknown","Unknown","Unknown","Unknown","Unknown","sigma","Unknown","Unknown","Unknown","Unknown","Unknown","Unknown","Unknown","Unknown","Unknown","Unknown","Unknown","Unknown","Unknown","Unknown","Unknown","Unknown","Unknown","Unknown","Unknown","Unknown","Unknown","Unknown","Unknown","Unknown","Unknown","Unknown","Unknown","Unknown","Unknown","Sturdy design in a sleek gray finish, ideal for gaming on the go.","Unknown","Unknown","16GB DDR4 RAM, upgradeable.","Unknown","Unknown","Unknown","Unknown","Unknown","Unknown","Unknown","Unknown","Unknown","Unknown","15.6 Full HD (1920x1080) with 144Hz refresh rate.","Unknown","FX507ZI4-LP34W","Unknown","Unknown","Unknown","Unknown","Unknown","Unknown","ASUS","Unknown","Unknown","Unknown","Unknown","Unknown","Unknown","Unknown","Unknown","Unknown","Unknown","3731 items","Unknown","Unknown","Unknown","Unknown","Unknown","Unknown","Windows 11 Home pre-installed.","Unknown","512GB SSD (fast boot and load times).","Unknown","Unknown","Unknown","Unknown","Unknown"
"https://www.sigma-computer.com/item?id=7437&name=HP_Victus_15-fb0049ne_Gaming_Laptop_-_Ryzen_5-5600H_6-Cores_-_Radeon_RX_6500M_4GB_-_8GB_DDR4-3200_-_512GB_PCIe®_Gen4_NVMe_-_15.6_FHD_IPS_144Hz._","HP Victus 15-fb0049ne Gaming Laptop - Ryzen 5-5600H 6-Cores - Radeon RX 6500M 4GB - 8GB DDR4-3200 - 512GB PCIe   Gen4 NVMe - 15.6 FHD IPS 144Hz. ","In Stock","27750","Unknown","Unknown","Unknown","Unknown","Unknown","Unknown","Unknown","Unknown","Unknown","Unknown","Unknown","Unknown","Unknown","Unknown","Unknown","Unknown","Unknown","AMD Ryzen™ 5 5600H (6 cores, 12 threads, up to 4.2 GHz)","Unknown","Unknown","Unknown","Unknown","Unknown","Unknown","Unknown","Unknown","sigma","Unknown","Wi-Fi 6, Bluetooth® 5.3","Unknown","Unknown","Unknown","Unknown","Unknown","Unknown","Unknown","Unknown","Unknown","Unknown","Unknown","Unknown","Unknown","Unknown","Unknown","Unknown","Unknown","Unknown","Unknown","Unknown","USB Type-C®, USB Type-A, HDMI 2.1, RJ-45, headphone/mic combo","Unknown","Unknown","Unknown","Unknown","Unknown","Unknown","Unknown","Unknown","Unknown","8 GB DDR4-3200","Unknown","Unknown","Unknown","Unknown","Unknown","Unknown","Unknown","Unknown","Unknown","Unknown","15.6 FHD (1920 x 1080), 144 Hz, IPS, 250 nits brightness","Unknown","15-fb0049ne (8D7B7EA)","Unknown","Unknown","Unknown","Unknown","Unknown","AMD Radeon™ RX 6500M (4 GB GDDR6)","HP","Unknown","Unknown","Unknown","Unknown","52.5 Wh, up to 8.5 hours, fast charge (50% in 45 mins)","Unknown","Unknown","Unknown","Unknown","Unknown","8868 items","Unknown","Unknown","Unknown","Unknown","Unknown","2.29 kg","Unknown","Unknown","512 GB PCIe® Gen4 NVMe™ SSD","Unknown","Unknown","Unknown","Contains recycled plastic materials","Unknown"
"https://www.sigma-computer.com/item?id=7420&name=GIGABYTE_G6X_9KG_-_Intel_Core_i7_13650HX_-_NVIDIA_RTX_4060_8GB_GDDR6_-_16GB_DDR5_4800MHz_-_512GB_M.2_SSD_-_16_WUXGA_1920x1200_165Hz_-_DOS","GIGABYTE G6X 9KG - Intel Core i7 13650HX - NVIDIA RTX 4060 8GB GDDR6 - 16GB DDR5 4800MHz - 512GB M.2 SSD - 16 WUXGA 1920x1200 165Hz - DOS","In Stock","52999","Unknown","Unknown","Unknown","Unknown","Unknown","Unknown","Unknown","Unknown","Unknown","Unknown","Unknown","Unknown","Unknown","Unknown","Unknown","Unknown","Unknown","Intel® Core™ i7-13650HX (14 cores, 20 threads, up to 4.9 GHz)","Unknown","Unknown","Unknown","Unknown","Unknown","Unknown","Unknown","Unknown","sigma","Unknown","Unknown","Unknown","Unknown","Unknown","Unknown","Unknown","Unknown","Unknown","Unknown","Unknown","Unknown","Unknown","Unknown","Unknown","Unknown","Unknown","Unknown","Unknown","Unknown","Unknown","Unknown","USB Type-A, Type-C, HDMI 2.1, RJ-45, Audio jack","Unknown","Unknown","Unknown","Unknown","Unknown","Unknown","Unknown","Unknown","TPM, Kensington Lock Slot","16GB DDR5 (upgradable to 64GB)","Unknown","Unknown","Unknown","Unknown","Unknown","Unknown","Unknown","Unknown","Unknown","Unknown","16.0 WUXGA (1920x1200), 165Hz, 16:10 aspect ratio","Unknown","G6X 9KG","RGB Backlit, 1.5mm key travel","Unknown","Unknown","Unknown","Unknown","NVIDIA® GeForce RTX™ 4060 (8GB GDDR6)","Gigabyte","Unknown","Unknown","Unknown","Unknown","73Wh, 180W AC Adapter","Wi-Fi 6E, Bluetooth 5.2","Unknown","Unknown","Unknown","Unknown","4073 items","Unknown","Unknown","Unknown","Unknown","Unknown","~2.5 kg (~5.64 lbs)","Unknown","Unknown","512GB M.2 SSD (2x M.2 slots, supports up to 4TB)","Unknown","Unknown","Unknown","Unknown","Unknown"
"https://www.sigma-computer.com/item?id=7418&name=Gigabyte_Aorus_16X_9SG_2024_Intel_core_i7-13650HX-_Nvidia_RTX_4070_8GB-_16GB_DDR5_4800Mhz-_1TB_SSD_-16_inch_WQXGA_165HZ-_Win11","Gigabyte Aorus 16X 9SG 2024 Intel core i7-13650HX- Nvidia RTX 4070 8GB- 16GB DDR5 4800Mhz- 1TB SSD -16 inch WQXGA 165HZ- Win11","NO","80999","Unknown","Unknown","Unknown","2 x 2W speakers, Dolby Atmos®, Smart Amp Technology","FHD (1080p) IR webcam, Windows Hello support","Unknown","Unknown","Unknown","Unknown","Unknown","Unknown","Unknown","Unknown","Unknown","Unknown","Unknown","Unknown","Intel® Core™ i7-13650HX (6 P-cores, 8 E-cores, up to 4.9 GHz) (14c-20t)","Unknown","Midnight Gray","Unknown","Unknown","Unknown","Unknown","Unknown","Unknown","sigma","Unknown","Unknown","Unknown","Unknown","Unknown","Unknown","Unknown","Unknown","Unknown","Unknown","Unknown","Unknown","Unknown","Unknown","Unknown","Unknown","Unknown","Unknown","Unknown","1 x Type-A USB 3.2, 1 x Type-C USB 3.2, 1 x MicroSD, 1 x Audio Jack","Unknown","Unknown","","Unknown","Unknown","Unknown","Unknown","Unknown","Unknown","Unknown","Unknown","Unknown","2 x DDR5 slots (up to 64GB, DDR5-4800MHz)","Unknown","Unknown","Unknown","Unknown","35.6 x 25.4 x 2.02.7 cm (14.01 x 10 x 0.781.06 inches)","Unknown","Unknown","Unknown","Unknown","Unknown","16.0 16:10 WQXGA (2560x1600), 165Hz, 100% sRGB, Dolby Vision®, G-SYNC","Unknown","16X 9SG","3-zone RGB, 1.7mm key travel, N-Key rollover","Unknown","Unknown","Unknown","Unknown","NVIDIA® GeForce RTX™ 4070 Laptop GPU, 8GB GDDR6","Gigabyte","Unknown","Unknown","Unknown","Unknown","Unknown","Unknown","Unknown","Unknown","1 x DC in, 1 x RJ-45, 1 x HDMI 2.1, 1 x Type-A USB 3.2, 1 x Type-C Thunderbolt™ 4","Unknown","1307 items","Unknown","Unknown","Unknown","Unknown","Unknown","~2.3 kg (5.07 lb)","Unknown","Unknown","2 x M.2 SSD slots, each 1TB","Unknown","Unknown","Unknown","Unknown","Unknown"
"https://www.sigma-computer.com/item?id=7407&name=Acer_Nitro_V_Gaming_Laptop_Intel_Core_i5-13420H_Processor_NVIDIA_GeForce_RTX_3050_6GB_Laptop_GPU_15.6_FHD_IPS_144Hz_Display_8GB_DDR5_512GB_Gen_4_SSD_WiFi_6_Backlit_KB","Acer Nitro V Gaming Laptop Intel Core i5-13420H Processor NVIDIA GeForce RTX 3050 6GB Laptop GPU 15.6 FHD IPS 144Hz Display 8GB DDR5 512GB Gen 4 SSD WiFi 6 Backlit KB","NO","35499","Unknown","Unknown","Unknown","Unknown","Unknown","Unknown","Unknown","Unknown","Unknown","Unknown","Unknown","Unknown","Unknown","Unknown","Unknown","Unknown","Unknown","Intel Core i5-13420H (Cores: 6 Threads: 12 threads )","Unknown","Unknown","Unknown","Unknown","Unknown","NVIDIA GeForce RTX 3050 6GB version Laptop GPU (Good for gaming with ray tracing support)","Unknown","Unknown","sigma","Unknown","Unknown","Unknown","Unknown","Unknown","Unknown","Unknown","Unknown","Unknown","Unknown","Unknown","Unknown","Unknown","Unknown","Unknown","Unknown","Unknown","Unknown","Unknown","Unknown","Unknown","Unknown","Unknown","8GB DDR5 (Fast memory, but upgradeable for more intensive tasks)","Unknown","Unknown","Unknown","Unknown","Unknown","Unknown","Unknown","Unknown","Unknown","Unknown","Unknown","Unknown","Unknown","Unknown","Unknown","Unknown","Unknown","Unknown","Unknown","15.6 FHD IPS, 144Hz (Smooth visuals with high refresh rate for gaming)","Unknown","ANV15-51-532J","Backlit (Great for gaming in low-light environments)","Unknown","Unknown","Unknown","Unknown","Unknown","ACER","Unknown","Unknown","Unknown","Unknown","Unknown","WiFi 6 (Fast and reliable wireless connection)","Unknown","Unknown","Unknown","Unknown","5482 items","Unknown","Unknown","Unknown","Unknown","Unknown","Unknown","Unknown","Unknown","512GB Gen 4 SSD (Fast storage, good for gaming and apps)","Unknown","Unknown","Unknown","Unknown","Unknown"
"https://www.sigma-computer.com/item?id=7406&name=Dell_Inspiron_16_7640_2-in-1_laptop_Intel_Core_Ultra_7_155H_1TB_SSD_16GB_Ram_Intel_Arc_Graphics_16","Dell Inspiron 16 7640 2-in-1 laptop Intel Core Ultra 7 155H 1TB SSD 16GB Ram Intel Arc Graphics 16","In Stock","56999","Unknown","Unknown","Unknown","Quad Tuned Speakers with Dolby Atmos","Unknown","Wi-Fi 6E and Bluetooth 5.3","Unknown","1 Year On-Site Warranty","Unknown","Unknown","Unknown","Unknown","Unknown","Unknown","Unknown","Unknown","Windows 11 Home","Intel Core Ultra 7 155H (16 Cores, 3.8 GHz, up to 4.8 GHz Turbo)","Unknown","Ice Blue","Unknown","Unknown","Unknown","Unknown","Unknown","Unknown","sigma","Unknown","Unknown","Unknown","Unknown","Unknown","Unknown","Unknown","Unknown","Unknown","Unknown","Unknown","Unknown","Unknown","Unknown","Unknown","Unknown","Unknown","Unknown","Unknown","Unknown","Unknown","Unknown","Unknown","Unknown","Unknown","Unknown","Unknown","Unknown","Unknown","Unknown","Unknown","Unknown","16GB DDR5 (6400 MHz)","Unknown","Unknown","Unknown","Unknown","Unknown","Unknown","Unknown","Unknown","Unknown","Unknown","16-inch WUXGA (1920x1200), IPS, 300 nits, Touchscreen","Unknown","Inspiron 16 7640","Unknown","Unknown","Unknown","Unknown","Unknown","Intel Arc Graphics","Dell","Unknown","Unknown","Unknown","Unknown","Unknown","Unknown","Unknown","Unknown","Unknown","Unknown","1851 items","Unknown","Unknown","Unknown","Unknown","Unknown","2.18 kg","Unknown","Unknown","1TB M.2 SSD","Unknown","Unknown","Unknown","Unknown","Unknown"
"https://www.sigma-computer.com/item?id=7333&name=Asus_TUF_Gaming_A15_FA507NUR-LP007W_Laptop,_AMD_Ryzen_7_7435HS,_512GB_SSD,_16GB_RAM,_15.6_Inch_FHD_Display_144Hz,_NVIDIA_GeForce_RTX_4050_6GB,_Windows_11-_Jaeger_Gray","Asus TUF Gaming A15 FA507NUR-LP007W Laptop  AMD Ryzen 7 7435HS  512GB SSD  16GB RAM  15.6 Inch FHD Display 144Hz  NVIDIA GeForce RTX 4050 6GB  Windows 11- Jaeger Gray","In Stock","46499","Unknown","Unknown","Unknown","Unknown","Unknown","Unknown","Unknown","Unknown","Unknown","Unknown","Unknown","Unknown","Unknown","Unknown","Unknown","Unknown","Unknown","AMD Ryzen™ 7 7435HS (3.1GHz, up to 4.5GHz, 8 cores, 16 threads)","Unknown","Graphite Black","Unknown","Unknown","Unknown","Unknown","Unknown","Unknown","sigma","Unknown","Unknown","Unknown","Unknown","Unknown","Unknown","Unknown","Unknown","Unknown","Unknown","Unknown","Unknown","Unknown","Unknown","Unknown","Unknown","Unknown","Unknown","Unknown","Unknown","Unknown","Unknown","Unknown","16GB DDR5-4800 (Dual channel support)","Unknown","Unknown","Unknown","Unknown","Unknown","Unknown","Unknown","Unknown","Unknown","Unknown","Unknown","Unknown","Unknown","Unknown","Unknown","Unknown","Unknown","Unknown","Unknown","15.6-inch FHD (1920 x 1080), 144Hz, IPS-level, 100% sRGB","Unknown","FA507NUR-LP007W","Backlit Chiclet Keyboard with 1-Zone RGB","Unknown","Unknown","Unknown","Unknown","NVIDIA® GeForce RTX™ 4050 (6GB GDDR6)","ASUS","Unknown","Unknown","Unknown","Unknown","Unknown","Unknown","Unknown","Unknown","Unknown","Unknown","8907 items","Unknown","Unknown","Unknown","Unknown","Unknown","Unknown","Windows 11","Unknown","512GB M.2 NVMe™ PCIe® 4.0 SSD","Unknown","Unknown","Unknown","Unknown","Unknown"
"https://www.sigma-computer.com/item?id=7332&name=ASUS_TUF_Gaming_F15_FX507VI-LP066W_Gaming_Laptop_Intel_Ci7-13620H_16GB_RAM_1TB_SSD_RTX_4070_8GB_15.6”_FHD_144Hz_Win11","ASUS TUF Gaming F15 FX507VI-LP066W Gaming Laptop Intel Ci7-13620H 16GB RAM 1TB SSD RTX 4070 8GB 15.6    FHD 144Hz Win11","In Stock","67499","Unknown","Unknown","Unknown","Unknown","Unknown","Unknown","Unknown","Unknown","Unknown","Unknown","Unknown","Unknown","Unknown","Unknown","Unknown","Unknown","Windows 11 Home","Intel® Core™ i7-13620H, up to 4.9 GHz, 10 cores","Unknown","Jaeger Gray","Unknown","Unknown","Unknown","Unknown","Unknown","Unknown","sigma","Unknown","Unknown","Unknown","Unknown","Unknown","Unknown","Unknown","Unknown","Unknown","Unknown","Unknown","Unknown","Unknown","Unknown","Unknown","Unknown","Unknown","Unknown","Unknown","Unknown","Unknown","Unknown","Unknown","Unknown","Unknown","Unknown","Unknown","Unknown","Unknown","Unknown","Unknown","Unknown","16GB (8GB DDR5-4800 SO-DIMM x2)","Unknown","Unknown","Unknown","Unknown","Unknown","Unknown","Unknown","Unknown","Unknown","Unknown","15.6-inch FHD (1920 x 1080), 144Hz","Unknown","FX507VI-LP066W","Unknown","Unknown","Unknown","Unknown","Unknown","NVIDIA® GeForce RTX™ 4070, 8GB GDDR6","ASUS","Unknown","Unknown","Unknown","Unknown","Unknown","Unknown","Unknown","Unknown","Unknown","Unknown","3451 items","Unknown","Unknown","Unknown","Unknown","Unknown","Unknown","Unknown","Unknown","1TB PCIe® 4.0 NVMe™ M.2 SSD","Unknown","Unknown","Unknown","Unknown","Unknown"
"https://www.sigma-computer.com/item?id=7331&name=ASUS_ROG_Strix_G16_G614JV-N3487W_|_13th_Gen_Intel_Core_i7-13650HX_Processor_|_DDR5_16GB_|_1TB_PCIe_4.0_NVMe_M.2_SSD_|_NVIDIA_GeForce_RTX_4060_Laptop_GPU_8GB_|_16","ASUS ROG Strix G16 G614JV-N3487W   13th Gen Intel Core i7-13650HX Processor   DDR5 16GB   1TB PCIe 4.0 NVMe M.2 SSD   NVIDIA GeForce RTX 4060 Laptop GPU 8GB   16","NO","67999","Unknown","Unknown","Unknown","Dolby Atmos, AI noise cancellation","Unknown","Unknown","Unknown","Unknown","Unknown","Unknown","Unknown","Unknown","Unknown","Unknown","Unknown","Wi-Fi 6E, Bluetooth 5.3","Unknown","Intel Core i7-13650HX (13th Gen) – 14 cores (6P + 8E), up to 4.9 GHz","Unknown","Unknown","Unknown","Unknown","Unknown","NVIDIA GeForce RTX 4060, 8GB GDDR6, 140W","Unknown","Unknown","sigma","Unknown","Unknown","Unknown","720p HD","Unknown","Unknown","Unknown","Unknown","Unknown","Unknown","Unknown","Unknown","Unknown","Unknown","Unknown","Unknown","Unknown","Unknown","Unknown","Unknown","Unknown","Unknown","Thunderbolt 4, USB-C, HDMI 2.1, RJ45 LAN","16GB DDR5 (upgradable to 32GB)","Unknown","Unknown","Unknown","Unknown","Unknown","Unknown","Unknown","Unknown","Unknown","Unknown","Unknown","Unknown","Unknown","Unknown","Unknown","Unknown","Unknown","Unknown","Unknown","16 FHD+ (1920x1200), IPS, 165Hz, 100% sRGB, G-Sync, Dolby Vision","Unknown","G614JV-N3487W","RGB Backlit (4-zone)","Unknown","Unknown","Unknown","Unknown","Unknown","ASUS","Unknown","Unknown","Unknown","Unknown","90Wh, 280W charger","Unknown","Unknown","Unknown","Unknown","Unknown","7130 items","Unknown","Unknown","Unknown","Unknown","Unknown","2.5 kg","Windows 11 Home","Unknown","1TB PCIe 4.0 NVMe SSD","Unknown","Unknown","Unknown","Unknown","Unknown"
"https://www.sigma-computer.com/item?id=7329&name=LENOVO_LOQ_15IRX9_83DV00P4AX_GAMING_LAPTOP_INTEL_Core_i5-13450HX_10_Cores_–_NVIDIA_GeForce_RTX_3050_6GB_–_16GB_RAM_DDR5_512GB_SSD–_15.6_FHD_100%_sRGB_IPS_144HZ","LENOVO LOQ 15IRX9 83DV00P4AX GAMING LAPTOP INTEL Core i5-13450HX 10 Cores     NVIDIA GeForce RTX 3050 6GB     16GB RAM DDR5 512GB SSD    15.6 FHD 100  sRGB IPS 144HZ","In Stock","40999","Unknown","Unknown","Unknown","Unknown","Unknown","Unknown","Unknown","Unknown","Unknown","Unknown","Unknown","Unknown","Unknown","Unknown","Unknown","Unknown","None (OS not included)","Intel® Core™ i5-13450HX (10C, 16T, up to 4.6 GHz)","Unknown","Unknown","Unknown","Unknown","Unknown","Unknown","Unknown","Unknown","sigma","Unknown","Unknown","Unknown","Unknown","Unknown","Unknown","Unknown","Unknown","Unknown","Unknown","Unknown","Unknown","Unknown","Unknown","Unknown","Unknown","Unknown","Unknown","Unknown","Unknown","Unknown","Unknown","Unknown","Unknown","Unknown","Unknown","Unknown","Unknown","Unknown","Unknown","Unknown","Firmware TPM 2.0, E-shutter","16GB SO-DIMM DDR5-4800 (up to 32GB)","Unknown","Unknown","Unknown","Unknown","Unknown","Unknown","Unknown","Unknown","Unknown","Unknown","15.6 FHD (1920x1080), 144Hz, G-SYNC®","Unknown","83DV00P4AX","Unknown","Unknown","Unknown","Unknown","Unknown","NVIDIA® GeForce RTX™ 3050 (6GB GDDR6)","Lenovo","Unknown","Unknown","Unknown","Unknown","Integrated 60Wh","Wi-Fi® 6, Bluetooth 5.2, various USB ports, HDMI® 2.1","Unknown","Unknown","Unknown","Unknown","9219 items","Unknown","Unknown","Unknown","Unknown","Unknown","Starting at 2.38 kg (5.25 lbs)","Unknown","Unknown","512GB SSD (M.2 2242 PCIe® 4.0x4) + supports up to 2 drives","Unknown","Unknown","Unknown","Unknown","Unknown"
"https://www.sigma-computer.com/item?id=7325&name=Laptop_HP_15S_EQ2383NIA_-_AMD_Ryzen_3_5300U_-_AMD_Radeon_Graphics_-_8GB_DDR4_3200MHz_-_256GB_NVMe_SSDD_-_15.6_inch_FHD_VA","Laptop HP 15S EQ2383NIA - AMD Ryzen 3 5300U - AMD Radeon Graphics - 8GB DDR4 3200MHz - 256GB NVMe SSDD - 15.6 inch FHD VA","In Stock","15799","Unknown","Unknown","Unknown","Unknown","Unknown","Unknown","Unknown","Unknown","Unknown","Unknown","Unknown","Unknown","Unknown","Unknown","Unknown","Unknown","Usually ships with FreeDOS (can upgrade to Windows 10/11)","AMD Ryzen 3 5300U (4 Cores / 8 Threads, Base 2.6GHz, Boost up to 3.8GHz)","Unknown","Unknown","Unknown","Unknown","Unknown","Unknown","Unknown","Unknown","sigma","Unknown","Unknown","Unknown","Unknown","Unknown","Unknown","Unknown","Unknown","Unknown","Unknown","Unknown","Unknown","Unknown","Unknown","Unknown","Unknown","Unknown","Unknown","Unknown","Unknown","Unknown","Unknown","USB-C, USB-A, HDMI, headphone jack, SD card reader","Unknown","Unknown","Unknown","Unknown","Unknown","Unknown","Unknown","Unknown","Unknown","8GB DDR4 3200MHz (Expandable)","Unknown","Unknown","Unknown","Unknown","Unknown","Unknown","Unknown","Unknown","Unknown","Unknown","15.6-inch Full HD (1920x1080), VA Panel (Better viewing angles and color than TN)","Unknown","EQ2383NIA","Unknown","Unknown","Unknown","Unknown","Unknown","AMD Radeon Integrated Graphics","HP","Unknown","Unknown","Unknown","Unknown","~41Wh (provides decent 6-8 hours on light use)","Wi-Fi 5, Bluetooth 5.0","Unknown","Unknown","Unknown","Unknown","2378 items","Unknown","Unknown","Unknown","Unknown","Unknown","~1.7 kg","Unknown","Unknown","256GB NVMe SSD (Fast boot and load times)","Unknown","Unknown","Unknown","Unknown","Unknown"
"https://www.sigma-computer.com/item?id=7313&name=HP_VICTUS_16-R1045_Gaming_Laptop_14th_Gen_Intel_Core_i7-14700HX_Processor_16_FHD_Display_16GB_Ram_1TB_SSD_NVIDIA_GeForce_RTX_4050_6GB_DOS_-_SILVER","HP VICTUS 16-R1045 Gaming Laptop 14th Gen Intel Core i7-14700HX Processor 16 FHD Display 16GB Ram 1TB SSD NVIDIA GeForce RTX 4050 6GB DOS - SILVER","In Stock","57999","Unknown","Unknown","Unknown","Unknown","Unknown","Unknown","Unknown","Unknown","Unknown","Unknown","Unknown","Unknown","Unknown","Unknown","Unknown","Unknown","FreeDOS 3.0","Intel® Core™ i7-14700HX (up to 5.5 GHz, 20 cores, 28 threads)","Unknown","Unknown","Unknown","Unknown","Unknown","Unknown","Unknown","Unknown","sigma","Unknown","Unknown","Unknown","Unknown","Unknown","Unknown","Unknown","Unknown","Unknown","Unknown","Unknown","Unknown","Unknown","Unknown","Unknown","Unknown","Unknown","Unknown","Unknown","Unknown","Unknown","Unknown","Unknown","Unknown","Unknown","Unknown","Unknown","Unknown","Unknown","Unknown","Unknown","Unknown","16 GB DDR5-5600 MT/s","Unknown","Unknown","Unknown","Unknown","36.9 x 25.94 x 2.29 cm (front) / 36.9 x 25.94 x 2.39 cm (rear)","Unknown","Unknown","Unknown","Unknown","Unknown","16.1 inches, FHD (1920 x 1080), 144 Hz, IPS","Unknown","16-R1045","Unknown","Unknown","Unknown","Unknown","Unknown","NVIDIA® GeForce RTX™ 4050 (6 GB GDDR6)","HP","Unknown","Unknown","Unknown","Unknown","70 Wh, up to 5 hours and 15 minutes","Unknown","Unknown","Unknown","Unknown","1 TB PCIe® Gen4 NVMe™ M.2 SSD","1707 items","Unknown","Unknown","Unknown","Unknown","Unknown","2.33 kg","Unknown","Unknown","Unknown","Unknown","Unknown","Unknown","Unknown","Unknown"
"https://www.sigma-computer.com/item?id=7310&name=HP_VICTUS_16-R1043_Gaming_Laptop_14th_Gen_Intel_Core_i7-14700HX_Processor_16_FHD_Display_16GB_Ram_512GB_SSD_NVIDIA_GeForce_RTX_4050_6GB_DOS_-_Blue","HP VICTUS 16-R1043 Gaming Laptop 14th Gen Intel Core i7-14700HX Processor 16 FHD Display 16GB Ram 512GB SSD NVIDIA GeForce RTX 4050 6GB DOS - Blue","In Stock","57499","Unknown","Unknown","Unknown","Unknown","Unknown","Unknown","Unknown","Unknown","Unknown","Unknown","Unknown","Unknown","Unknown","Unknown","Unknown","Unknown","Unknown","Intel® Core™ i7-14700HX (20 cores, up to 5.5GHz) (28 Threads)","Unknown","Unknown","Unknown","Unknown","Unknown","Unknown","Unknown","Unknown","sigma","Unknown","Unknown","Unknown","Unknown","Unknown","Unknown","Unknown","Unknown","Unknown","Unknown","Unknown","Unknown","Unknown","Unknown","Unknown","Unknown","Unknown","Unknown","Unknown","Unknown","Unknown","Unknown","Unknown","16GB DDR5 5600 MT/s (2 x 8 GB)","Unknown","Unknown","Unknown","Unknown","Unknown","Unknown","Unknown","Unknown","Unknown","Unknown","Unknown","Unknown","Unknown","Unknown","Unknown","Unknown","Unknown","Unknown","Unknown","16.1 FHD, 144Hz, IPS, 300 nits","Unknown","16-R1043","Full-size, Backlit (Performance Blue) with Numeric Keypad","Unknown","Unknown","Unknown","Unknown","NVIDIA® GeForce RTX™ 4050 (6GB GDDR6)","HP","Unknown","Unknown","Unknown","Unknown","4-cell, 70Wh, 230W charger","Wi-Fi 6E, Bluetooth® 5.3, LAN, USB-C with Power Delivery","Unknown","Unknown","Unknown","Unknown","1577 items","Unknown","Unknown","Unknown","Unknown","Unknown","~2.5 kg","DOS (No pre-installed OS)","Unknown","512GB PCIe® Gen4 NVMe™ SSD","Unknown","Unknown","Unknown","Unknown","Unknown"
"https://www.sigma-computer.com/item?id=7280&name=AORUS_16X_9KG_2024_Intel_Core_i7-13650HX_-_NVIDIA_GeForce_RTX_4070_8GB_GDDR6_-_2x_DDR5_Slots_DDR5-4800MHz_-16GB_-_M.2_SSD_1_Tera_-_16.0_WQXGA_2560x1600_165Hz_Display_-_Windows_11_Pro","AORUS 16X 9KG 2024 Intel Core i7-13650HX - NVIDIA GeForce RTX 4070 8GB GDDR6 - 2x DDR5 Slots DDR5-4800MHz -16GB - M.2 SSD 1 Tera - 16.0 WQXGA 2560x1600 165Hz Display - Windows 11 Pro","NO","74999","Unknown","Unknown","Unknown","Unknown","Unknown","Unknown","Unknown","2 years","Unknown","Unknown","Unknown","Unknown","Unknown","Unknown","Unknown","Unknown","Unknown","Unknown","Unknown","Unknown","Unknown","Unknown","Unknown","Unknown","Unknown","Unknown","sff4$vjs2hf5kg","Unknown","Unknown","Unknown","Unknown","Unknown","Unknown","Unknown","Unknown","Unknown","Unknown","Unknown","Unknown","Unknown","Unknown","Unknown","Unknown","10 WQXGA (2560x1600) 165Hz Display（100% sRGB, Pantone® Validated, TÜV Rheinland-certified, Dolby Vision®, NVIDIA® Advanced Optimus, G-SYNC）","Unknown","Unknown","Unknown","Unknown","Unknown","Unknown","Unknown","Unknown","Unknown","Unknown","Unknown","Unknown","Unknown","Unknown","Unknown","Unknown","Unknown","Unknown","Unknown","Unknown","Unknown","Unknown","Unknown","6 P-core and 8 E-core)","Unknown","Unknown","Unknown","Unknown","Aorus 16X 9SG-43EEC54SH","Unknown","Unknown","Unknown","Unknown","Unknown","Unknown","Gigabyte","Unknown","Unknown","Unknown","Unknown","Unknown","Unknown","Unknown","Unknown","Unknown","Unknown","5308 items","Unknown","Unknown","Unknown","Unknown","Unknown","Unknown","Windows 11 Pro","Unknown","Unknown","Unknown","Unknown","Unknown","Unknown","Unknown"
"https://www.sigma-computer.com/item?id=7263&name=ASUS_TUF_Gaming_F15_FX507ZC4-HN002W_Intel_Core_i7-12700H_-_16GB_-_512GB_SSD_NVIDIA_GeForce_RTX_3050_-_4GB_-15.6''_FHD_-_Win_11_-_Mecha_Gray","ASUS TUF Gaming F15 FX507ZC4-HN002W Intel Core i7-12700H - 16GB - 512GB SSD NVIDIA GeForce RTX 3050 - 4GB -15.6   FHD - Win 11 - Mecha Gray","In Stock","43999","Unknown","Unknown","Unknown","Unknown","Unknown","Unknown","Unknown","Unknown","Unknown","Unknown","Unknown","Multitasking capabilities with i7-12700H.","Unknown","Unknown","Unknown","Unknown","Windows 11 Home","Intel Core i7-12700H (14 cores, 20 threads)","Unknown","Mecha Gray","Smooth visuals, reducing motion blur for an improved gaming experience.","Unknown","Unknown","Unknown","Unknown","Unknown","sigma","Unknown","Unknown","Lightweight enough for everyday use but built for heavy performance when needed.","Unknown","Unknown","Unknown","Unknown","Unknown","Unknown","Unknown","Unknown","Unknown","Unknown","Unknown","Unknown","Can handle modern games efficiently with RTX graphics.","Unknown","Unknown","A 12th-generation processor with a hybrid core architecture, ideal for handling demanding games and multitasking.","Unknown","Unknown","Unknown","Unknown","16GB DDR4 (expandable)","Unknown","Unknown","Unknown","Unknown","Unknown","Unknown","Offers good entry-level ray tracing and DLSS capabilities, making it suitable for most AAA games on medium to high settings.","Unknown","Unknown","Unknown","Unknown","Unknown","Unknown","Unknown","Unknown","Unknown","Unknown","Unknown","Unknown","15.6” FHD (1920x1080) IPS, 144Hz refresh rate","Unknown","F15 FX507ZC4-HN002W","Unknown","Unknown","Unknown","Unknown","Unknown","NVIDIA GeForce RTX 3050 (4GB GDDR6)","ASUS","Dual fans with self-cleaning technology to keep temperatures in check.","Unknown","Unknown","Unknown","Average battery life for general use, though gaming performance will likely require frequent charging.","Unknown","Unknown","Unknown","Unknown","Unknown","5879 items","Unknown","Unknown","Unknown","Unknown","Unknown","Unknown","Unknown","Unknown","512GB SSD (M.2 NVMe PCIe)","Unknown","Military-grade build quality (TUF durability standard).","Unknown","Unknown","Unknown"
"https://www.sigma-computer.com/item?id=7262&name=Asus_ROG_Strix_G17_G713PV-HX019W_Gaming_Laptop_17.3-inch_FHD_144Hz_AMD_R9_7845HX_16GB_RAM_1TB_SSD_RTX_4060_8GB_Win11_+_ROG_Backpack,_90NR0C34-M00BL0","Asus ROG Strix G17 G713PV-HX019W Gaming Laptop 17.3-inch FHD 144Hz AMD R9 7845HX 16GB RAM 1TB SSD RTX 4060 8GB Win11   ROG Backpack  90NR0C34-M00BL0","NO","74999","Unknown","Unknown","Unknown","Unknown","Unknown","Unknown","Unknown","Unknown","Unknown","Unknown","Unknown","AMD R9 and RTX 4060 combo provide great video rendering performance.","Unknown","Model number for tracking the exact version.","Unknown","Unknown","Windows 11","AMD Ryzen 9 7845HX","Unknown","Unknown","Unknown","Unknown","Unknown","Unknown","Unknown","Unknown","sigma","Unknown","Unknown","Unknown","Unknown","Unknown","Unknown","Unknown","Unknown","Unknown","Unknown","Unknown","Unknown","Unknown","Unknown","Unknown","Enjoy high frame rates with the 144Hz display and RTX 4060 GPU.","Unknown","Unknown","Unknown","Unknown","Unknown","Unknown","Unknown","16GB DDR5","Unknown","Unknown","Unknown","Unknown","Unknown","Unknown","Unknown","Unknown","Unknown","Unknown","Unknown","Unknown","Unknown","Unknown","Practical for gamers on the go.","Unknown","Unknown","Unknown","Unknown","17.3-inch FHD (1920 x 1080) 144Hz","Unknown","G713PV-HX019W","Unknown","Unknown","Unknown","Unknown","Unknown","NVIDIA GeForce RTX 4060 (8GB GDDR6)","ASUS","Unknown","Unknown","Unknown","Unknown","Unknown","Unknown","Unknown","Unknown","Unknown","Unknown","3885 items","Unknown","Windows 11 makes it easy to balance productivity and gaming.","Unknown","Unknown","Unknown","Unknown","Unknown","Unknown","1TB PCIe SSD","Unknown","Unknown","Unknown","Unknown","Unknown"
"https://www.sigma-computer.com/item?id=7134&name=_HP_Victus_Gaming_fa1041ne_13th_Intel_i5-13500H_12-Core_,_8GB_,_512GB_SSD,_GeForce_RTX_3050_6GB_,_15.6"," HP Victus Gaming fa1041ne 13th Intel i5-13500H 12-Core   8GB   512GB SSD  GeForce RTX 3050 6GB   15.6","In Stock","34999","Unknown","Unknown","Unknown","Unknown","Unknown","Unknown","Unknown","Unknown","Unknown","Unknown","GeForce RTX 3050 with 6GB, capable of running most modern games well.","Unknown","Unknown","Unknown","Unknown","Unknown","Unknown","Intel i5-13500H with 12 cores, providing strong performance for gaming and heavy applications.","Unknown","Unknown","Unknown","Unknown","Unknown","Unknown","Unknown","Unknown","sigma","Unknown","Unknown","Unknown","Unknown","Unknown","Unknown","Unknown","Unknown","Unknown","Unknown","Unknown","Unknown","Unknown","Unknown","Unknown","Unknown","Unknown","Unknown","Unknown","Unknown","Unknown","Unknown","Unknown","8GB, which might need an upgrade if you're running multiple programs or games that require more memory.","Unknown","Unknown","Unknown","Unknown","Unknown","Unknown","Unknown","Unknown","Unknown","Unknown","Unknown","Unknown","Unknown","Unknown","Unknown","Unknown","Unknown","Unknown","Unknown","15.6 FHD with a 144Hz refresh rate, delivering a smooth gaming experience.","Unknown","fa1041ne","Unknown","Unknown","Unknown","Unknown","Unknown","Unknown","HP","Unknown","Unknown","Unknown","Unknown","Unknown","Unknown","Unknown","Unknown","Unknown","Unknown","4325 items","Unknown","Unknown","Unknown","Unknown","Unknown","Unknown","Unknown","Unknown","512GB SSD, fast and offers enough space for games and software.","Unknown","Unknown","Unknown","Unknown","Unknown"
"https://www.sigma-computer.com/item?id=7133&name=HP_Victus_15-FA1043NE_Intel_Core_i5-13500H,_8GB_Ram_DDR4,_512GB_SSD,_Nvidia_RTX_3050_6GB,_15.6_Inch_FHD_144Hz","HP Victus 15-FA1043NE Intel Core i5-13500H  8GB Ram DDR4  512GB SSD  Nvidia RTX 3050 6GB  15.6 Inch FHD 144Hz","In Stock","35799","Unknown","Unknown","Unknown","Unknown","Unknown","Unknown","Unknown","Unknown","Unknown","Unknown","Nvidia RTX 3050 6GB, delivers good performance for medium to high-quality gaming.","Unknown","Unknown","Unknown","Unknown","Unknown","Unknown","Intel Core i5-13500H (13th Gen), strong for gaming and multitasking.","Unknown","Unknown","Unknown","Unknown","Unknown","Unknown","Unknown","Unknown","sigma","Unknown","Unknown","Unknown","Unknown","Unknown","Unknown","Unknown","Unknown","Unknown","Unknown","Unknown","Unknown","Unknown","Unknown","Unknown","Unknown","Unknown","Unknown","Unknown","Unknown","Unknown","Unknown","Unknown","8GB DDR4, sufficient for modern games, but you can upgrade if needed in the future.","Unknown","Unknown","Unknown","Unknown","Unknown","Unknown","Unknown","Unknown","Unknown","Unknown","Unknown","Unknown","Unknown","Unknown","Unknown","Unknown","Unknown","Unknown","Unknown","15.6-inch FHD with a 144Hz refresh rate, ideal for a smooth gaming experience.","Unknown","FA1043NE","Unknown","Unknown","Unknown","Unknown","Unknown","Unknown","HP","Unknown","Unknown","Unknown","Unknown","Unknown","Unknown","Unknown","Unknown","Unknown","Unknown","3522 items","Unknown","Unknown","Unknown","Unknown","Unknown","Unknown","Unknown","Unknown","512GB SSD, offers fast loading times for games and applications.","Unknown","Unknown","Unknown","Unknown","Unknown"
"https://www.sigma-computer.com/item?id=7126&name=Lenovo_ThinkPad_E15_G4_Laptop_-_Intel_Core_i5-1235U_-_8GB_-_512GB_SSD_-_NVIDIA_MX550_2GB_-_15.6","Lenovo ThinkPad E15 G4 Laptop - Intel Core i5-1235U - 8GB - 512GB SSD - NVIDIA MX550 2GB - 15.6  FHD - Black","NO","32999","Unknown","Unknown","Unknown","Unknown","Unknown","Unknown","Unknown","Unknown","Unknown","Unknown","Unknown","Unknown","Unknown","Unknown","Unknown","Unknown","Free DOS","Intel Core i5-1235U (12th Gen)","Unknown","Unknown","Unknown","Unknown","Unknown","Unknown","Unknown","Unknown","sigma","Unknown","Unknown","Unknown","Unknown","Unknown","Unknown","Unknown","Unknown","Unknown","Unknown","Unknown","Unknown","Unknown","Unknown","Unknown","Unknown","Unknown","Unknown","Unknown","Unknown","Unknown","Unknown","Unknown","8GB DDR4","Unknown","Unknown","Unknown","Unknown","Unknown","Unknown","Unknown","Unknown","Unknown","Unknown","Unknown","Unknown","Unknown","Unknown","Unknown","Unknown","Unknown","Unknown","Unknown","15.6 FHD (1920x1080)","Unknown","ThinkPad E15 G4","Unknown","Unknown","Unknown","Unknown","Unknown","NVIDIA GeForce MX550 (2GB)","Lenovo","Unknown","Unknown","Unknown","Unknown","Unknown","Wi-Fi 6E, Bluetooth 5.1","Unknown","Unknown","Unknown","Unknown","2424 items","Unknown","Unknown","Unknown","Unknown","Unknown","Unknown","Unknown","Unknown","512GB SSD","Unknown","Unknown","Unknown","Unknown","Unknown"
"https://www.sigma-computer.com/item?id=7125&name=Lenovo_ThinkPad-E16_21JNS08E00_Laptop_-_Intel_Core_i7-1355U_-_8GB_-_512GB_SSD_-_NVIDIA_Geforce_MX550_2GB_-_16.0_-_Graphite_Black","Lenovo ThinkPad-E16 21JNS08E00 Laptop - Intel Core i7-1355U - 8GB - 512GB SSD - NVIDIA Geforce MX550 2GB - 16.0 - Graphite Black","In Stock","40999","Unknown","Unknown","Unknown","Unknown","Unknown","Unknown","Unknown","Unknown","Unknown","Unknown","Unknown","Unknown","Unknown","Unknown","Unknown","Unknown","DOS – Requires Windows or Linux installation","Intel Core i7-1355U (13th Gen) – 10 Cores, 12 Threads, Up to 5.0 GHz","Unknown","Unknown","Unknown","Unknown","Unknown","NVIDIA GeForce MX550 (2GB GDDR6) – Good for light gaming & basic editing","Unknown","Unknown","sigma","Unknown","Unknown","Unknown","Unknown","Unknown","Unknown","Unknown","Unknown","Unknown","Unknown","Unknown","Unknown","Unknown","Unknown","Unknown","Unknown","Unknown","Unknown","Unknown","Unknown","Unknown","Unknown","HDMI 2.0, USB-A (x2), USB-C, Thunderbolt 4, RJ-45 Ethernet","8GB DDR4-3200 (Soldered) – Limited upgradability","Unknown","Unknown","Unknown","Unknown","Unknown","Unknown","Unknown","Fingerprint reader integrated in power button","Unknown","Unknown","Unknown","Unknown","Unknown","Unknown","Unknown","Unknown","Unknown","Unknown","Unknown","16 WUXGA (1920×1200) – 16:10 aspect ratio, ideal for productivity","Unknown","21JNS08E00","Non-backlit, Arabic layout","Unknown","Unknown","Unknown","Unknown","Unknown","Lenovo","Unknown","Unknown","Unknown","Unknown","57Wh – Up to 8-10 hours of moderate usage","Unknown","Unknown","Unknown","Unknown","Unknown","2515 items","Unknown","Unknown","Unknown","Unknown","Unknown","1.81 kg – Portable for a 16 device","Unknown","Unknown","512GB M.2 PCIe Gen4 SSD – Fast and reliable","Unknown","Unknown","Unknown","Unknown","Unknown"
"https://www.sigma-computer.com/item?id=7124&name=HP_250_G10_Intel_Core_i5-1335U_,_8GB_RAM,_512GB_M.2_NVMe_,_Nvidia_MX550_2GB_,15.6-inch_FHD_display,_Turbo_Silver.","HP 250 G10 Intel Core i5-1335U   8GB RAM  512GB M.2 NVMe   Nvidia MX550 2GB  15.6-inch FHD display  Turbo Silver.","In Stock","27999","Unknown","Unknown","Unknown","Unknown","Unknown","Unknown","Unknown","Unknown","Unknown","Unknown","Unknown","Unknown","Unknown","Unknown","Unknown","Unknown","Unknown","Intel Core i5-1335U, which provides good performance for multitasking and everyday tasks.","Unknown","Turbo Silver, giving it a sleek and modern look.","Unknown","Unknown","Unknown","Unknown","Unknown","Unknown","sigma","Unknown","Unknown","Unknown","Unknown","Unknown","Unknown","Unknown","Unknown","Unknown","Unknown","Unknown","Unknown","Unknown","Unknown","Unknown","Unknown","Unknown","Unknown","Unknown","Unknown","Unknown","Unknown","Unknown","8GB, sufficient for most applications and general use.","Unknown","Unknown","Unknown","Unknown","Unknown","Unknown","Unknown","Unknown","Unknown","Unknown","Unknown","Unknown","Unknown","Unknown","Unknown","Unknown","Unknown","Unknown","Unknown","15.6-inch FHD (1920 x 1080), providing clear and vibrant visuals.","Unknown","250 G10","Unknown","Unknown","Unknown","Unknown","Unknown","Nvidia MX550 with 2GB dedicated VRAM, suitable for light gaming and graphic design tasks.","HP","Unknown","Unknown","Unknown","Unknown","Unknown","Unknown","Unknown","Unknown","Unknown","Unknown","3124 items","Unknown","Unknown","Unknown","Unknown","Unknown","Unknown","Unknown","Unknown","512GB M.2 NVMe SSD, offering fast data access and ample space for files and applications.","Unknown","Unknown","Unknown","Unknown","Unknown"
"https://www.sigma-computer.com/item?id=7119&name=ASUS_TUF_A15_FA507NVR-LP007W_Gaming_Laptop_AMD_Ryzen_7_7435HS_512GB_16GB_RAM_15.6_FHD_sRGB_100%_144Hz,_NVIDIA_GeForce_RTX_4060_8GB_GDDR6,_Windows_11_-_Jaeger_Gray","ASUS TUF A15 FA507NVR-LP007W Gaming Laptop AMD Ryzen 7 7435HS 512GB 16GB RAM 15.6 FHD sRGB 100  144Hz  NVIDIA GeForce RTX 4060 8GB GDDR6  Windows 11 - Jaeger Gray","NO","49999","Unknown","Unknown","Unknown","Unknown","Unknown","Unknown","Unknown","Unknown","Unknown","Unknown","NVIDIA GeForce RTX 4060 with 8GB GDDR6 VRAM This is a powerful GPU for gaming, capable of running modern AAA games at high settings and offering support for ray tracing and AI-enhanced graphics.","Unknown","Unknown","Unknown","Ensures accurate color representation, making it great for creative work such as photo editing.","Unknown","Windows 11 Comes pre-installed with Windows 11, offering the latest features and improvements in gaming and productivity.","AMD Ryzen 7 7435HS This is a high-performance processor that delivers solid multi-core performance, making it suitable for gaming and demanding tasks like video editing or 3D rendering.","Unknown","Jaeger Gray The stylish design with a Jaeger Gray finish gives it a modern, sleek look.","Unknown","Unknown","Unknown","Unknown","Unknown","Unknown","sigma","Unknown","Unknown","Unknown","Unknown","Unknown","Unknown","Unknown","Unknown","Unknown","Unknown","Unknown","Unknown","Unknown","Unknown","Unknown","Unknown","Unknown","Unknown","Unknown","Unknown","Unknown","Unknown","Unknown","16GB Provides ample memory for multitasking, gaming, and running resource-heavy programs.","Unknown","Unknown","Unknown","Unknown","Unknown","Unknown","Unknown","Unknown","Unknown","Unknown","Unknown","Unknown","Unknown","Unknown","Unknown","Unknown","Unknown","Unknown","Unknown","15.6-inch FHD (Full HD, 1920 x 1080 resolution)","Unknown","FA507NVR-LP007W","Unknown","Unknown","Unknown","Unknown","Unknown","Unknown","ASUS","Unknown","Unknown","Unknown","Unknown","Unknown","Unknown","Unknown","Unknown","Unknown","Unknown","15258 items","Unknown","Unknown","Unknown","Unknown","Unknown","Unknown","Unknown","Unknown","512GB SSD Fast SSD storage ensures quick boot times and reduces load times in games and applications.","Delivers smooth gameplay, especially beneficial for fast-paced games where every frame counts.","Unknown","Unknown","Unknown","Unknown"
"https://www.sigma-computer.com/item?id=7116&name=Asus_Vivobook_15_X1502ZA-BQ007W_-_Core_i7-12700H_-_512GB_SSD_-_8GB_RAM_DDR4_-_15.6_FHD_-_Intel_UHD_Graphics_-_Windows_11_-_Quiet_Blue_(_90NB0VX1-M036B0_)","Asus Vivobook 15 X1502ZA-BQ007W - Core i7-12700H - 512GB SSD - 8GB RAM DDR4 - 15.6 FHD - Intel UHD Graphics - Windows 11 - Quiet Blue   90NB0VX1-M036B0  ","NO","30999","Unknown","Unknown","Unknown","Unknown","Unknown","Unknown","Unknown","Unknown","Unknown","Unknown","Unknown","Unknown","Unknown","Unknown","Unknown","Unknown","Windows 11, with modern features and optimizations for performance and security.","Intel Core i7-12700H (12th Gen), offering high performance with multiple cores for multitasking, content creation, and demanding applications.","Unknown","Quiet Blue, adding a unique aesthetic touch.","Unknown","Unknown","Unknown","Unknown","Unknown","Unknown","sigma","Unknown","Unknown","Unknown","Unknown","Unknown","Unknown","Unknown","Unknown","Unknown","Unknown","Thin and portable design, making it easy to carry for work or school.","Unknown","Unknown","Unknown","Unknown","Unknown","Unknown","Unknown","Unknown","Unknown","Unknown","Unknown","Unknown","8GB DDR4, enough for general usage, though you might want to upgrade if you plan on handling heavier tasks like video editing or running virtual machines.","Unknown","Unknown","Unknown","Unknown","Unknown","Unknown","Unknown","Unknown","Unknown","Unknown","Unknown","Unknown","Unknown","Unknown","Unknown","Unknown","Unknown","Unknown","Unknown","15.6-inch FHD (Full HD) screen, offering a resolution of 1920x1080 pixels for crisp visuals.","Unknown","X1502ZA-BQ007W","Unknown","Unknown","Unknown","Unknown","Unknown","Intel UHD Graphics, suitable for light gaming, video playback, and basic graphics tasks. It’s not designed for high-end gaming or demanding graphic design work.","ASUS","Unknown","Unknown","Unknown","Unknown","Unknown","Unknown","Unknown","Unknown","Unknown","Unknown","6025 items","Unknown","Unknown","Unknown","Unknown","Unknown","Unknown","Unknown","Unknown","512GB SSD, providing fast data access and ample storage space for files and applications.","Unknown","Unknown","Unknown","Unknown","Unknown"
"https://www.sigma-computer.com/item?id=7105&name=HP_255_G8_Laptop_15.6_Full_HD_Display_AMD_Ryzen_5_5500U_2.10GHz_Processor_8GB_RAM_256GB_SSD_SHARED_DOS_English_Arabic_Keyboard_BLACK_7J034AA_BH5","HP 255 G8 Laptop 15.6 Full HD Display AMD Ryzen 5 5500U 2.10GHz Processor 8GB RAM 256GB SSD SHARED DOS English Arabic Keyboard BLACK 7J034AA BH5","In Stock","18699","Unknown","Unknown","Unknown","Unknown","Unknown","Unknown","Unknown","Unknown","Unknown","Unknown","Unknown","Unknown","Unknown","Unknown","Unknown","Unknown","DOS","Unknown","Unknown","BLACK","Unknown","Unknown","Unknown","Unknown","Unknown","Unknown","sigma","Unknown","Unknown","Unknown","Unknown","Built-in HD webcam, microphone, and speakers with HP Noise Cancellation for clear online meetings.","Unknown","Unknown","Unknown","Unknown","Unknown","Unknown","Unknown","Unknown","Equipped with a dual-core AMD Ryzen 5 5500U processor, 8GB RAM, and a 256GB SSD for smooth multitasking and quick access to your files.","Unknown","Unknown","Unknown","Unknown","Unknown","Unknown","Unknown","Unknown","Unknown","Unknown","Stay productive and entertained on the go with the HP 255 G8 Laptop. Featuring a 15.6 Full HD display and powered by an AMD Ryzen 5 5500U processor, this laptop is designed for both work and play. Weighing less than 4 pounds, it’s easy to carry, and with up to 7 hours of battery life, you can work or stream content throughout your day.","Unknown","Unknown","Unknown","256GB SSD for fast boot times and improved performance.","Unknown","Unknown","Firmware-based Trusted Platform Module (TPM) for hardware-based encryption, and a lock slot for physical security.","Unknown","Unknown","Unknown","Unknown","Unknown","Unknown","Unknown","Unknown","Unknown","Unknown","Unknown","15.6 Full HD screen with integrated AMD Radeon Graphics for a crisp and immersive viewing experience.","Unknown","7J034AA#ABV","English & Arabic","Unknown","Unknown","Unknown","Unknown","Unknown","HP","Unknown","Unknown","Unknown","Unknown","Unknown","Includes USB 3.2 Gen 1 Type-C, two USB Type-A ports, HDMI, RJ45 Ethernet, and Bluetooth 5. Connect to wireless networks with Wi-Fi 5.","Unknown","Unknown","Unknown","Unknown","4309 items","Unknown","Unknown","Unknown","Unknown","Unknown","Unknown","Unknown","Enhances online call quality by filtering out unwanted noise.","Unknown","Unknown","Lightweight and sleek, with a high screen-to-body ratio for more screen space.","Unknown","Unknown","Unknown"
"https://www.sigma-computer.com/item?id=7051&name=HP_ProBook_450_G10_(85D04EA#ABV)_-13th_Intel_Core_i7_-1355U_–_8GB_RAM_–_512_GB_SSD_–_NVIDIA_GeForce_RTX_2050_4GB_GDDR6_-15.6″_FHD_–_FingerPrint_–_Backlit_keyboard_–_FreeDOS","HP ProBook 450 G10  85D04EA ABV  -13th Intel Core i7 -1355U     8GB RAM     512 GB SSD     NVIDIA GeForce RTX 2050 4GB GDDR6 -15.6    FHD     FingerPrint     Backlit keyboard     FreeDOS","In Stock","40499","Unknown","Unknown","Unknown","Unknown","Unknown","Unknown","Unknown","Unknown","Made with sustainable materials and packaging.","Unknown","Unknown","Unknown","Unknown","Unknown","Unknown","Unknown","Unknown","13th Generation Intel® Core™ i7-1355U with 10 cores and 12 threads, offering up to 5.0 GHz via Intel® Turbo Boost Technology. Ideal for multitasking and demanding applications.","Unknown","Unknown","Unknown","Unknown","Unknown","Unknown","Unknown","Unknown","sigma","Unknown","Unknown","Unknown","Unknown","Unknown","Unknown","Unknown","Unknown","Unknown","Unknown","Unknown","Unknown","Unknown","Unknown","Unknown","Unknown","Unknown","Unknown","Unknown","Unknown","Unknown","Unknown","","8 GB DDR4-3200 MHz (1 x 8 GB) with two SODIMM slots, allowing for future upgrades.","Unknown","Unknown","Unknown","Unknown","Unknown","Light and portable, weighing 1.79 kg with a slim aluminum design.","Unknown","Includes advanced security features like TPM 2.0, HP Sure Start Gen7, fingerprint sensor, and various other security management tools.","Unknown","Unknown","Unknown","Intel® Wi-Fi 6E and Bluetooth® 5.3 ensure fast and stable wireless connectivity.","Unknown","Unknown","Unknown","Unknown","Unknown","Unknown","Unknown","Unknown","Unknown","ProBook 450 G10","Unknown","Unknown","Unknown","Unknown","Unknown","It comes with both Integrated Intel® UHD Graphics and Discrete NVIDIA® GeForce RTX™ 2050 Laptop GPU (4 GB GDDR6), providing good performance for graphical applications and moderate gaming.","HP","Unknown","Unknown","Unknown","Unknown","51 Wh 3-cell Li-ion battery, which is not replaceable by the customer, offering decent battery life for regular workday use.","Unknown","15.6″ diagonal Full HD (1920 x 1080) IPS panel with narrow bezels, anti-glare coating, 250 nits brightness, and 45% NTSC color gamut. This is a good quality display for most business tasks, though not ideal for color-critical work like photo editing.","Unknown","Unknown","Unknown","2800 items","Unknown","Unknown","Unknown","Unknown","Unknown","Unknown","Unknown","Unknown","512 GB PCIe® NVMe™ SSD, offering fast storage and quick boot times.","Unknown","Unknown","Unknown","Unknown","Unknown"
"https://www.sigma-computer.com/item?id=7048&name=Lenovo_LOQ_83DV00JYIN_Intel_Core_i7-13650HX_-_RTX_3050_6GB_-_16GB_DDR5-4800MHZ_-_1TB_M.2_-_15.6_FHD_IPS_144HZ_100%_sRGB","Lenovo LOQ 83DV00JYIN Intel Core i7-13650HX - RTX 3050 6GB - 16GB DDR5-4800MHZ - 1TB M.2 - 15.6 FHD IPS 144HZ 100  sRGB","NO","44999","Unknown","Unknown","Unknown","Unknown","Unknown","Unknown","Unknown","Unknown","Unknown","Unknown","NVIDIA RTX 3050 with 6GB VRAM, providing solid gaming and graphical performance for a wide range of modern games.","Unknown","Unknown","Unknown","Unknown","Unknown","Unknown","Intel Core i7-13650HX, a high-performance processor designed for gaming and demanding applications.","Unknown","Unknown","Unknown","Unknown","Unknown","Unknown","Unknown","Unknown","sigma","Unknown","Unknown","Unknown","Unknown","Unknown","Unknown","Unknown","Unknown","Unknown","Unknown","Unknown","Unknown","Unknown","Unknown","Unknown","Unknown","Unknown","Unknown","Unknown","Unknown","Unknown","Unknown","Unknown","Unknown","Unknown","Unknown","Unknown","Unknown","Unknown","Unknown","Unknown","Unknown","16GB DDR5 RAM clocked at 4800MHz, ensuring fast and smooth multitasking.","Unknown","Unknown","Unknown","Unknown","Unknown","Unknown","Unknown","Unknown","Unknown","Unknown","15.6-inch Full HD (1920x1080) IPS display with 100% sRGB color accuracy and a 144Hz refresh rate, providing vibrant colors and smooth visuals, especially for gaming and creative tasks.","Unknown","83DV00JYIN","Unknown","Unknown","Unknown","Unknown","Unknown","Unknown","Lenovo","Unknown","Unknown","Unknown","Unknown","Unknown","Unknown","Unknown","Unknown","Unknown","Unknown","8661 items","Unknown","Unknown","Unknown","Unknown","Unknown","Unknown","Unknown","Unknown","1TB M.2 SSD, offering fast read/write speeds and ample storage space.","Unknown","Unknown","Unknown","Unknown","Unknown"
"https://www.sigma-computer.com/item?id=7047&name=_HP_Gaming_Laptop_Victus_15-fa1039ne_Core_i7-13700H_14_Cores_-_8GB_DDR4_-_512GB_SSD_-_RTX3050_6GB_-_15.6_FHD_IPS_144Hz_-_DOS_"," HP Gaming Laptop Victus 15-fa1039ne Core i7-13700H 14 Cores - 8GB DDR4 - 512GB SSD - RTX3050 6GB - 15.6 FHD IPS 144Hz - DOS ","NO","45299","Unknown","Integrated 10/100/1000 GbE LAN.","Unknown","Unknown","Unknown","","Unknown","Unknown","Unknown","Unknown","Unknown","Unknown","Unknown","Unknown","Unknown","Unknown","Unknown","Intel Core i7-13700H (13th Gen, 14 cores) – delivers strong performance for gaming, content creation, and multitasking.","Unknown","Unknown","Unknown","Unknown","Unknown","Unknown","Unknown","Unknown","sigma","Unknown","Unknown","Unknown","HP Wide Vision 720p HD camera with temporal noise reduction and dual array digital microphones – suitable for video calls.","Unknown","Unknown","1 HDMI 2.1 port – for external display connections.","Unknown","Multi-format SD card reader for easy data transfer from cameras or other devices.","Unknown","Unknown","Unknown","Unknown","Unknown","Unknown","Unknown","Unknown","Unknown","Unknown","Unknown","Unknown","Unknown","Unknown","Unknown","Unknown","Unknown","Unknown","Unknown","Unknown","Unknown","Unknown","Unknown","Unknown","Unknown","Unknown","MediaTek Wi-Fi 6 (MT7921), supports gigabit speeds, and Bluetooth 5.3.","Unknown","Unknown","Unknown","Unknown","Unknown","Unknown","","15.6-inch Full HD (1920x1080) IPS display with a 144Hz refresh rate – perfect for fast-paced gaming, offering smoother visuals.","Unknown","fa1039ne","Arabic/English backlit keyboard for convenience in low-light conditions.","200W Smart AC power adapter.","Unknown","Unknown","Unknown","NVIDIA GeForce RTX 3050 (6GB GDDR6) – solid performance for most modern games, with support for ray tracing and AI-enhanced graphics.","HP","Unknown","For wired internet connections.","8GB DDR4 – suitable for moderate gaming, but upgrading to 16GB or more would benefit high-end gaming and multitasking.","Unknown","4-cell 70 Wh Li-ion polymer – provides good battery life for a gaming laptop, though actual duration will depend on usage.","Unknown","Unknown","Unknown","Unknown","Unknown","2101 items","Unknown","Unknown","Unknown","Unknown","Unknown","Unknown","Unknown","Unknown","512GB SSD – fast storage for quick boot times and game loading. Could be expanded with external drives if needed.","Unknown","Unknown","Unknown","Unknown","Unknown"
"https://www.sigma-computer.com/item?id=7042&name=_HP_ProBook_450_G10_(859W0EA-BH5)_Core_i5-1335U_10_Cores_-_8GB_DDR4-512GB_SSD_-_NVIDIA_RTX_2050_4GB_-_15.6_FHD_IPS_-_Fingerprint_-_Backlit_KYB_-_DOS"," HP ProBook 450 G10  859W0EA-BH5  Core i5-1335U 10 Cores - 8GB DDR4-512GB SSD - NVIDIA RTX 2050 4GB - 15.6 FHD IPS - Fingerprint - Backlit KYB - DOS","In Stock","31999","While not an ultra-thin or lightweight device, it offers a good balance between performance and portability for professionals on the move.","Unknown","Unknown","Unknown","Unknown","Unknown","Unknown","Unknown","Unknown","Unknown","Unknown","Unknown","Unknown","Unknown","Unknown","Unknown","DOS (You'll need to install an operating system like Windows or Linux).","Intel Core i5-1335U","For secure biometric login.","Unknown","Unknown","Unknown","Unknown","Unknown","Unknown","Unknown","sigma","Unknown","Unknown","Unknown","Unknown","Unknown","Unknown","Unknown","Unknown","Unknown","Unknown","Unknown","Unknown","Useful for low-light typing environments.","Unknown","Unknown","Unknown","Unknown","Unknown","Unknown","Unknown","Unknown","Unknown","Unknown","Unknown","Unknown","Unknown","Unknown","Unknown","Unknown","Unknown","Unknown","Unknown","8GB DDR4 RAM","Unknown","Unknown","Unknown","Unknown","Unknown","Unknown","The inclusion of the RTX 2050 makes it capable of running modern games at low to medium settings and handling creative tasks like video editing or graphic design.","Unknown","Unknown","Unknown","15.6-inch Full HD (1920x1080) IPS panel","Unknown","859W0EA-BH5","Unknown","Unknown","Unknown","Unknown","Unknown","NVIDIA RTX 2050 (4GB VRAM)","HP","Unknown","Unknown","Unknown","Unknown","Unknown","Unknown","Unknown","Unknown","Unknown","Unknown","3211 items","Unknown","Unknown","Unknown","Unknown","Unknown","Unknown","Unknown","Unknown","512GB SSD","Unknown","Unknown","Unknown","Unknown","Its Core i5 CPU, 8GB RAM, and SSD make it efficient for office work, multitasking, and general productivity tasks."
"https://www.sigma-computer.com/item?id=7041&name=_Lenovo_IdeaPad_Slim_3_15IAH8_83ER007YED_Intel_Core_i5-12450H_8_Core_-_8GB_DDR5_4800_-_512GB_SSD_NVME_-_Intel_UHD_Graphics_-_15.6_FHD_300nits_-_Fingerprint_-_Win_11_-_2Y_Warranty_-_Lenovo_15.6"," Lenovo IdeaPad Slim 3 15IAH8 83ER007YED Intel Core i5-12450H 8 Core - 8GB DDR5 4800 - 512GB SSD NVME - Intel UHD Graphics - 15.6 FHD 300nits - Fingerprint - Win 11 - 2Y Warranty - Lenovo 15.6","NO","23799","Unknown","Unknown","Unknown","Unknown","Unknown","Unknown","Unknown","2-year warranty with carry-in or courier service.","Unknown","Unknown","Unknown","Unknown","Unknown","Unknown","Unknown","Unknown","Windows 11 pre-installed.","Intel Core i5-12450H, 8-core CPU (4 Performance cores + 4 Efficient cores), offering a balance of power and efficiency. It clocks up to 4.4GHz on the Performance cores and 3.3GHz on the Efficient cores.","Integrated into the power button for convenient and secure login.","Unknown","Unknown","Unknown","Unknown","Unknown","Unknown","Unknown","sigma","Unknown","Unknown","Unknown","Unknown","Unknown","Unknown","Unknown","Unknown","Unknown","Unknown","Light and portable, weighing around 1.62 kg, with an Arctic Grey finish.","Unknown","Unknown","Unknown","Unknown","Unknown","Unknown","Unknown","Unknown","Unknown","Unknown","Comes bundled with a Lenovo 15.6 Laptop Casual Toploader Bag.","Includes multiple ports for connectivity, including USB 3.2, USB-C, HDMI, headphone jack, and SD card reader.","Unknown","Unknown","Unknown","Unknown","Unknown","Unknown","Unknown","Unknown","Unknown","8GB of LPDDR5 RAM, clocked at 4800MHz. The memory is soldered to the motherboard and cannot be upgraded.","Unknown","Unknown","Unknown","Unknown","Unknown","Unknown","Unknown","Unknown","Unknown","Unknown","15.6 Full HD (1920x1080) IPS display with 300 nits of brightness, providing good clarity and color reproduction, especially in well-lit environments.","Unknown","83ER007YED","Unknown","Unknown","Unknown","Unknown","Unknown","Intel UHD integrated graphics, suitable for basic tasks, media consumption, and light gaming or design work.","Lenovo","Unknown","Unknown","Unknown","Unknown","47Wh integrated battery, supporting moderate battery life for regular usage.","Unknown","Unknown","Unknown","Unknown","Unknown","4204 items","Unknown","Unknown","Unknown","Unknown","Unknown","Unknown","Unknown","Unknown","512GB NVMe PCIe SSD (M.2 2242), offering fast read/write speeds and ample storage for most use cases.","Unknown","Unknown","Unknown","Unknown","Unknown"
"https://www.sigma-computer.com/item?id=7040&name=_Lenovo_Ideapad_1_15IAU7_82QD00BDED_-_Intel_Core_i3-1215U_-_8GB_-_256GB_SSD_-_Intel_UHD_Integrated_Graphics_-_15.6"," Lenovo Ideapad 1 15IAU7 82QD00BDED - Intel Core i3-1215U - 8GB - 256GB SSD - Intel UHD Integrated Graphics - 15.6  HD  1366x768  resolution","In Stock","16499","Unknown","Unknown","Unknown","Unknown","Unknown","Unknown","Unknown","Unknown","Unknown","Unknown","Unknown","Unknown","Unknown","Unknown","Unknown","Unknown","Windows 11","Intel Core i3-1215U (6 cores, 8 threads, clocked up to 4.4GHz)","Unknown","Abyss Blue","Unknown","Unknown","Unknown","Unknown","Unknown","Unknown","sigma","Unknown","Unknown","Unknown","Unknown","Unknown","Unknown","Unknown","Unknown","Unknown","Unknown","Unknown","Unknown","Unknown","Powered by the Intel Core i3-1215U, this laptop is ideal for everyday tasks such as web browsing, word processing, and multimedia consumption.","Unknown","Unknown","Unknown","The laptop is portable and lightweight, making it good for students and professionals who need a basic device for daily tasks.","Unknown","Unknown","Unknown","Unknown","Unknown","8GB (DDR4)","Unknown","Unknown","Unknown","Unknown","Unknown","Unknown","Unknown","Unknown","Unknown","Unknown","Unknown","Unknown","Unknown","Unknown","Unknown","Unknown","Unknown","Unknown","Unknown","The 15.6 HD screen is sufficient for basic tasks, though it may lack the sharpness of Full HD displays.","Unknown","82QD00BDED","Unknown","Unknown","Unknown","Unknown","Unknown","Intel UHD Integrated Graphics","Lenovo","Unknown","Unknown","Unknown","Unknown","Unknown","Unknown","Unknown","Unknown","Unknown","Unknown","3453 items","Unknown","Unknown","256GB SSD ensures faster boot times and quick file access, while 8GB of RAM is enough for multitasking and handling light workloads.","Unknown","Unknown","Unknown","Unknown","Unknown","256GB SSD (Solid State Drive)","Unknown","Unknown","The Intel UHD Graphics are capable of handling basic graphics tasks and light casual gaming, but it won't handle intensive applications or high-end gaming.","Unknown","Unknown"
"https://www.sigma-computer.com/item?id=7039&name=_ASUS_TUF_A15_2024_FA506NCR-HN007W_-_Ryzen_7-7435HS_-_8GB_DDR5_-_512GB_SSD_-_RTX_3050_4GB_-_15.6_FHD_144Hz_-_Win_11"," ASUS TUF A15 2024 FA506NCR-HN007W - Ryzen 7-7435HS - 8GB DDR5 - 512GB SSD - RTX 3050 4GB - 15.6 FHD 144Hz - Win 11","NO","36499","Unknown","Unknown","Unknown","Unknown","Unknown","Unknown","Unknown","Unknown","Unknown","Unknown","Unknown","Unknown","Unknown","Unknown","Unknown","Unknown","Unknown","AMD Ryzen™ 7 7435HS (8 cores, 16 threads) is powerful and suitable for gaming, multitasking, and demanding applications.","Unknown","Unknown","Unknown","Unknown","Unknown","Unknown","Unknown","Unknown","sigma","Unknown","Unknown","Unknown","Unknown","Unknown","Unknown","Unknown","Unknown","Unknown","Unknown","Unknown","Unknown","Unknown","Unknown","Unknown","Unknown","Unknown","Unknown","Unknown","Unknown","Unknown","Unknown","Unknown","8GB DDR5-5600 is fast but might be limited for heavy multitasking or modern games; upgrading to 16GB or 32GB would improve performance.","Unknown","Unknown","Unknown","Unknown","Unknown","Unknown","Unknown","Unknown","Unknown","Unknown","Unknown","Unknown","Unknown","Unknown","Unknown","Unknown","Unknown","Unknown","Unknown","15.6 FHD with a 144Hz refresh rate, which is good for smooth gameplay. However, the color accuracy (62.5% sRGB, 47.34% Adobe) is modest, so it may not be ideal for professional color-sensitive work.","Unknown","FA506NCR-HN007W","Unknown","Unknown","Unknown","Unknown","Unknown","NVIDIA® GeForce RTX™ 3050 (4GB GDDR6) with up to 75W with Dynamic Boost. This GPU can handle entry-level to mid-range gaming and content creation tasks such as photo and video editing.","ASUS","Unknown","Unknown","Unknown","Unknown","48WHrs is average for a performance laptop, so expect moderate battery life, likely lasting a few hours depending on usage.","Wi-Fi 6 and Bluetooth 5.3 offer reliable wireless connectivity. The variety of ports (USB 3.2, HDMI 2.1, RJ45 LAN) is versatile for most use cases.","Unknown","Unknown","Unknown","Unknown","14460 items","Unknown","Unknown","Unknown","Unknown","Unknown","Unknown","Unknown","Unknown","512GB PCIe® 4.0 NVMe™ SSD provides fast data access speeds but may be limiting for users with large files or many applications.","Unknown","Unknown","Unknown","Unknown","Unknown"
"https://www.sigma-computer.com/item?id=7032&name=LENOVO_LOQ_15IAX9_83GS008NED_Core_i5-12450HX_8_Cores_-_8GB_DDR5_4800_-_RTX_3050_6GB_-_512GB_SSD_NVME_-_15.6_FHD_IPS_300NITS_144HZ_100%sRGB_-_Mouse_M100_-_2Y_Warranty_-_Grey","LENOVO LOQ 15IAX9 83GS008NED Core i5-12450HX 8 Cores - 8GB DDR5 4800 - RTX 3050 6GB - 512GB SSD NVME - 15.6 FHD IPS 300NITS 144HZ 100 sRGB - Mouse M100 - 2Y Warranty - Grey","In Stock","33999","Unknown","Unknown","Unknown","Unknown","Unknown","Unknown","Unknown","2 years.","Unknown","Unknown","Unknown","Unknown","Unknown","Unknown","Unknown","Unknown","Unknown","Intel Core i5-12450HX (8 cores)(12 threads) – this is a high-performance 12th Gen Intel CPU, great for gaming and multitasking.","Unknown","Grey.","Unknown","Unknown","Gaming mouse – a bonus for gamers.","Unknown","Unknown","Unknown","sigma","Unknown","Unknown","Unknown","Unknown","Unknown","Unknown","Unknown","Unknown","Unknown","Unknown","Unknown","Unknown","Unknown","Unknown","Unknown","Unknown","Unknown","Unknown","Unknown","Unknown","Unknown","Unknown","Unknown","8GB DDR5 4800 MHz – fast DDR5 RAM, though 8GB might be on the lower side for intensive gaming or multitasking. Consider upgrading to 16GB for smoother performance.","Unknown","Unknown","Unknown","Unknown","Unknown","Unknown","Unknown","Unknown","Unknown","Unknown","Unknown","Unknown","Unknown","Unknown","Unknown","Unknown","Unknown","Unknown","Unknown","15.6 FHD (1920x1080) IPS panel, 300 nits brightness, 144Hz refresh rate, and 100% sRGB coverage – great for color accuracy and smooth gaming experiences.","Unknown","83GS008NED","Unknown","Unknown","Unknown","Unknown","Unknown","NVIDIA RTX 3050 6GB 95W TGP – this GPU is solid for 1080p gaming, supporting ray tracing and DLSS in modern games.","Lenovo","Unknown","Unknown","Unknown","Unknown","Unknown","Unknown","Unknown","Unknown","Unknown","Unknown","27670 items","Unknown","Unknown","Unknown","Unknown","Unknown","Unknown","Unknown","Unknown","512GB NVMe SSD – fast storage with decent capacity, though adding more storage might be necessary for a large game library.","Unknown","Unknown","Unknown","Unknown","Unknown"
"https://www.sigma-computer.com/item?id=6994&name=MSI_Modern_14_C12MO_-INTEL_CORE_i5-CPU_CI5_1235U_-Intel_Iris_Xe_Graphics-_512_GB_m.2_-_DDR4_8GB_3200MHz-_14_inch_Full_HD_(1920_x_1080)_IPS_","MSI Modern 14 C12MO -INTEL CORE i5-CPU CI5 1235U -Intel Iris Xe Graphics- 512 GB m.2 - DDR4 8GB 3200MHz- 14 inch Full HD  1920 x 1080  IPS ","NO","20749","Unknown","Unknown","Unknown","Unknown","Unknown","Unknown","Unknown","Unknown","Unknown","Unknown","Unknown","Unknown","Classic Black, Beige Rose","Unknown","Unknown","Unknown","Unknown","Intel Core i5-CPU CI5 1235U( 10C/12T )","Unknown","Unknown","Unknown","Unknown","Unknown","Unknown","Unknown","Unknown","sigma","Unknown","Unknown","Unknown","Unknown","Unknown","Unknown","Unknown","Unknown","Unknown","Unknown","Unknown","Unknown","Unknown","Unknown","Unknown","Unknown","Unknown","Unknown","Unknown","Unknown","Unknown","Unknown","Unknown","8 GB DDR4 (3200 MHz)","Unknown","Unknown","Unknown","Unknown","Unknown","Unknown","Unknown","Unknown","Unknown","Unknown","Unknown","Unknown","Unknown","12.59 x 8.78 x 0.76 inches","Unknown","Unknown","Unknown","Unknown","2 x USB 2.0, 1 x USB 3.0","14-inch Full HD (1920 x 1080) IPS","Unknown","Modern 14 C12MO","Unknown","Unknown","802.11ax (Wi-Fi 6)","Unknown","Unknown","Integrated Intel Iris Xe Graphics","MSI","Unknown","Unknown","Unknown","Unknown","Unknown","Unknown","Unknown","Unknown","Unknown","Unknown","5125 items","Unknown","Unknown","Unknown","Unknown","Unknown","2.62 pounds","Unknown","Unknown","512 GB SSD","Unknown","Unknown","Unknown","Unknown","Unknown"
"https://www.sigma-computer.com/item?id=6992&name=MSI_Thin_15_B12VE_Gaming_Laptop_Intel_Core_i5-12450H_8GB_RAM_512GB_SSD_GeForce_RTX_4050_6GB_15.6_FHD_IPS_144Hz_Display_Cosmos_Gray_Comes","MSI Thin 15 B12VE Gaming Laptop Intel Core i5-12450H 8GB RAM 512GB SSD GeForce RTX 4050 6GB 15.6 FHD IPS 144Hz Display Cosmos Gray Comes","NO","37999","Unknown","Unknown","Unknown","High-Resolution Audio ready","Unknown","Unknown","Unknown","Unknown","Unknown","Unknown","Unknown","Unknown","Unknown","Unknown","Unknown","Unknown","DOS","Up to Intel® Core™ i5-12450H","Unknown","Unknown","Unknown","Unknown","Unknown","Unknown","Unknown","Unknown","sigma","Unknown","Unknown","Unknown","Unknown","Unknown","","Unknown","Unknown","Unknown","Unknown","Unknown","Unknown","Unknown","Unknown","Unknown","Unknown","Unknown","Unknown","Unknown","Unknown","Unknown","Unknown","Unknown","Unknown","Unknown","Unknown","Unknown","Unknown","Unknown","Unknown","Unknown","Unknown","Unknown","Unknown","Unknown","Wi-Fi 6E for enhanced streaming","Unknown","21.7mm thin","Unknown","Unknown","Unknown","Matrix Display supports up to 2 additional monitors via USB-C and HDMI™","Unknown","15.6 Full HD (1920x1080), 144Hz Refresh Rate, IPS-Level panel","Unknown","Thin 15 B12VE","Unknown","Unknown","Unknown","Unknown","Unknown","Up to NVIDIA® GeForce RTX™ 4050 Laptop GPU with 6GB GDDR6","MSI","Unknown","Unknown","Unknown","Unknown","Unknown","Unknown","Unknown","Unknown","Unknown","Unknown","9501 items","Unknown","Unknown","Unknown","Unknown","Unknown","1.86kg","Unknown","Unknown","Unknown","Unknown","Thin bezel, aluminum aesthetics with an asymmetric pattern","Unknown","Unknown","Unknown"
"https://www.sigma-computer.com/item?id=6991&name=MSI_Katana_15_B13VGK_Intel_Core_i7_13620H_10Cores,_NVIDIA_GeForce_RTX_4070_8GB_GDDR6,_16GB_DDR5_5200MHz,_512GB_NVMe_SSD_Gen_4.0,_15.6″_QHD_16:9_IPS-Level_165Hz_45%NTSC,_Windows_11,_Home","MSI Katana 15 B13VGK Intel Core i7 13620H 10Cores  NVIDIA GeForce RTX 4070 8GB GDDR6  16GB DDR5 5200MHz  512GB NVMe SSD Gen 4.0  15.6    QHD 16 9 IPS-Level 165Hz 45 NTSC  Windows 11  Home","NO","69999","Unknown","Unknown","Unknown","High-Resolution Audio ready, providing high-quality sound for an immersive experience","Unknown","Unknown","Includes an exclusive gaming mode that optimizes performance and provides various gaming-related features","Unknown","Unknown","Unknown","Unknown","Unknown","Unknown","Unknown","Unknown","Unknown","Available with Windows 11 Home or Windows 11 Pro (MSI recommends Windows 11 Pro for business use)","Up to Intel® Core™ i7-13620H (high-performance CPU designed for gaming and multitasking)","Unknown","Unknown","Unknown","Unknown","Unknown","Unknown","Unknown","Unknown","sigma","Unknown","Unknown","Unknown","Unknown","Unknown","Unknown","Unknown","Unknown","Unknown","Comes with one month of Game Pass Ultimate or PC Game Pass, giving access to a vast library of games","Unknown","Unknown","Unknown","Unknown","Unknown","Unknown","Unknown","Unknown","Unknown","Unknown","165 Hz (ideal for smooth gaming visuals)","Unknown","Unknown","Unknown","Unknown","15.6 inches","Unknown","Unknown","Unknown","Unknown","Unknown","Unknown","Unknown","Unknown","Unknown","Unknown","Unknown","Unknown","Unknown","Unknown","Unknown","Unknown","Unknown","Unknown","IPS-Level (for better color accuracy and viewing angles)","Katana 15 B13VGK","Unknown","Unknown","Unknown","Unknown","QHD (2560 x1440)","","MSI","MSI's exclusive Cooler Boost 5 Technology ensures efficient cooling during intense gaming sessions","Unknown","Unknown","Unknown","Unknown","Unknown","Unknown","Seamlessly integrates mobile gaming with PC gaming, allowing you to play mobile games on your laptop","Unknown","Unknown","5413 items","Unknown","Unknown","Unknown","Unknown","Unknown","Unknown","Unknown","Unknown","Unknown","Unknown","Unknown","Unknown","Unknown","Unknown"
"https://www.sigma-computer.com/item?id=6990&name=MSI_Modern_14_-_C12MO_Laptop,_Intel_Core_Core_i7-1255U,_512GB_SSD,_8GB_RAM,_14_Inch_FHD_Display_,_Intel_Iris_Xe,_DOS-_Classic_Black","MSI Modern 14 - C12MO Laptop  Intel Core Core i7-1255U  512GB SSD  8GB RAM  14 Inch FHD Display   Intel Iris Xe  DOS- Classic Black","In Stock","24999","Unknown","Unknown","1x Micro SD Card Reader","Unknown","Unknown","Unknown","Unknown","Unknown","Unknown","14 Inch","Unknown","Unknown","Unknown","Unknown","Unknown","Unknown","Unknown","Unknown","Unknown","Classic Black","Unknown","Unknown","Unknown","Unknown","Since it comes with DOS, you will need to install an operating system like Windows or Linux separately.","Unknown","sigma","Unknown","Unknown","Unknown","Unknown","Unknown","Unknown","1x HDMI (Supports 4K @ 30Hz)","8GB","Unknown","Unknown","Unknown","12th Gen","Unknown","Unknown","DDR4","Unknown","Unknown","Unknown","Unknown","Unknown","Unknown","Unknown","Unknown","Unknown","Unknown","Unknown","Unknown","Unknown","Unknown","Unknown","Unknown","Unknown","Unknown","Unknown","DOS (No operating system installed by default)","Unknown","Unknown","Unknown","Unknown","Unknown","Unknown","Unknown","Unknown","Unknown","Unknown","Intel Iris Xe","Unknown","Unknown","Unknown","Unknown","Full HD (1920x1080)","Unknown","MSI","Unknown","Unknown","Unknown","10 Cores (2 Performance Cores + 8 Efficient Cores)","Typically designed for all-day battery life (exact capacity varies).","Unknown","Unknown","Unknown","Unknown","Unknown","3024 items","MSI Modern 14 - C12MO Laptop","Unknown","Unknown","Unknown","Unknown","Lightweight, making it ideal for on-the-go use.","Unknown","Unknown","Unknown","Unknown","Sleek and portable with a modern aesthetic.","Unknown","Unknown","Unknown"
"https://www.sigma-computer.com/item?id=6988&name=MSI_GF63_Thin_12U_Gaming_Laptop_(Intel_i7-12650H_8-Core,_16GB_RAM,_512GB_PCIe_SSD,_GeForce_RTX_3050,15.6__FHD_144Hz,_IPS","MSI GF63 Thin 12U Gaming Laptop  Intel i7-12650H 8-Core  16GB RAM  512GB PCIe SSD  GeForce RTX 3050 15.6  FHD 144Hz  IPS","NO","38899","Unknown","Unknown","Unknown","Unknown","Unknown","Unknown","Unknown","Unknown","Unknown","Unknown","Unknown","Unknown","Unknown","Unknown","Unknown","Unknown","Unknown","Unknown","Unknown","Unknown","Unknown","Unknown","Unknown","Unknown","Unknown","Unknown","sigma","Unknown","Unknown","Unknown","Unknown","Unknown","Unknown","Unknown","Unknown","Unknown","Unknown","Unknown","Unknown","Unknown","Unknown","Unknown","Unknown","Unknown","Unknown","Unknown","Unknown","Unknown","Unknown","Unknown","Unknown","Unknown","Unknown","Unknown","Unknown","Unknown","Unknown","Unknown","Unknown","Unknown","Unknown","Unknown","Unknown","Unknown","Unknown","Unknown","Unknown","Unknown","Unknown","Unknown","Unknown","Unknown","Thin GF63 12U","Unknown","Unknown","Unknown","Unknown","Unknown","Unknown","MSI","Unknown","Unknown","Unknown","Unknown","Unknown","Unknown","Unknown","Unknown","Unknown","Unknown","7130 items","Unknown","Unknown","Unknown","Unknown","Unknown","Unknown","Unknown","Unknown","Unknown","Unknown","Unknown","Unknown","Unknown","Unknown"
"https://www.sigma-computer.com/item?id=6987&name=MSI_Cyborg_15_A13VE-883XEG_Core_i7-13620H_RAM_16GB_DDR5_5200MHz_RTX_4050_6GB_512GB_NVMe_SSD_15.6_FHD_144HZ_IPS_","MSI Cyborg 15 A13VE-883XEG Core i7-13620H RAM 16GB DDR5 5200MHz RTX 4050 6GB 512GB NVMe SSD 15.6 FHD 144HZ IPS ","NO","46899","Unknown","Unknown","Unknown","Unknown","Unknown","Unknown","Offers gaming modes and customization options to optimize your gaming experience.","Unknown","Unknown","Unknown","Unknown","Unknown","Unknown","Unknown","Unknown","Unknown","Unknown","Intel Core i7-13620H (14C/20T)","Unknown","Unknown","Unknown","Unknown","Unknown","Unknown","Unknown","Unknown","sigma","Unknown","Unknown","Unknown","Unknown","Unknown","Unknown","Unknown","Unknown","Unknown","Unknown","Unknown","Unknown","Unknown","Unknown","Unknown","Unknown","Unknown","Unknown","Unknown","Unknown","Unknown","Unknown","Unknown","16GB DDR5 5200MHz","Unknown","Unknown","Useful for gamers who rely on these keys for movement and actions.","Unknown","Unknown","Unknown","Unknown","Unknown","Unknown","Unknown","Unknown","Unknown","Unknown","Unknown","Unknown","Unknown","Unknown","Unknown","Unknown","The 144Hz refresh rate and IPS panel offer smooth and vibrant visuals, which are great for both gaming and multimedia.","Unknown","Cyborg 15 A13VE","Unknown","Unknown","Unknown","Adds a unique aesthetic touch.","Unknown","NVIDIA GeForce RTX 4050 6GB (TGP 45W)","MSI","The Cooler Boost Technology helps maintain performance during intensive tasks by improving cooling efficiency.","Unknown","Unknown","Unknown","Unknown","Unknown","Unknown","Facilitates seamless integration between mobile and PC games.","Unknown","Unknown","6749 items","Unknown","Unknown","Unknown","The RTX 4050 provides good performance for most modern games at high settings. It supports NVIDIA’s DLSS 3 and Max-Q technologies for improved performance and efficiency.","Unknown","Unknown","Unknown","Unknown","512GB NVMe SSD (GEN 4)","Unknown","Unknown","Unknown","Unknown","Unknown"
"https://www.sigma-computer.com/item?id=6986&name=Msi_Raider_GE78_HX_14VIG-825EG_Core_i9-14900hx_Rtx_4090_240hz_32GB_DDR5_2TB_M.2_Qhd+_17”_Gaming_Laptops_With_Titan_Gaming_Backpack","Msi Raider GE78 HX 14VIG-825EG Core i9-14900hx Rtx 4090 240hz 32GB DDR5 2TB M.2 Qhd  17    Gaming Laptops With Titan Gaming Backpack","NO","180450","Unknown","Unknown","Unknown","6 Speakers sound system designed by Dynaudio","IR FHD webcam with Webcam Shutter, featuring HDR & 3D Noise Reduction Plus","Unknown","Unknown","Unknown","Unknown","Unknown","Unknown","Unknown","Unknown","Unknown","Unknown","Unknown","Windows 11 Home / Windows 11 Pro (Recommended for business by MSI)","Latest Intel® Core™ i9-14900HX","Unknown","Unknown","Unknown","Unknown","Unknown","Unknown","Unknown","Unknown","sigma","Unknown","Unknown","Unknown","Unknown","Unknown","Unknown","Unknown","Unknown","Unknown","Unknown","Unknown","Unknown","Unknown","Unknown","Unknown","Unknown","Unknown","Unknown","Unknown","Unknown","Unknown","Unknown","Unknown","Unknown","Unknown","Unknown","Unknown","Unknown","Unknown","Unknown","Unknown","Unknown","Unknown","Unknown","Unknown","Unknown","Unknown","Unknown","Unknown","Unknown","Unknown","Unknown","Unknown","17 QHD+ (2560x1600), 16:10 aspect ratio, 240Hz Refresh Rate, 100% DCI-P3 (Typical), IPS-Level panel","Unknown","Raider GE78HX","Per-Key RGB gaming keyboard with highlighted WASD keys by SteelSeries","Unknown","Unknown","Unknown","Unknown","Up to NVIDIA® GeForce RTX™ 4090 Laptop GPU, 16GB GDDR6","MSI","Cooler Boost 5 with 2 fans and 6 heat pipes","Unknown","Unknown","Unknown","99.9Whr Battery Capacity","Unknown","Unknown","Unknown","Unknown","Unknown","5041 items","Unknown","Unknown","Unknown","Unknown","Mystic Light with matrix lightbar design","Unknown","Unknown","Unknown","2TB","Unknown","Unknown","Unknown","Unknown","Unknown"
